species,accession,family,lineage
Acanthogobius_flavimanus,NC_063711.1,Gobiidae,Eukaryota; Metazoa; Chordata; Craniata; Vertebrata; Euteleostomi; Actinopterygii; Neopterygii; Teleostei; Neoteleostei; Acanthomorphata; Gobiaria; Gobiiformes; Gobioidei; Gobiidae; Gobionellinae; Acanthogobius.
Acanthogobius_hasta,NC_006131.1,Gobiidae,Eukaryota; Metazoa; Chordata; Craniata; Vertebrata; Euteleostomi; Actinopterygii; Neopterygii; Teleostei; Neoteleostei; Acanthomorphata; Gobiaria; Gobiiformes; Gobioidei; Gobiidae; Gobionellinae; Acanthogobius.
Acanthogobius_lactipes,NC_082203.1,Gobiidae,Eukaryota; Metazoa; Chordata; Craniata; Vertebrata; Euteleostomi; Actinopterygii; Neopterygii; Teleostei; Neoteleostei; Acanthomorphata; Gobiaria; Gobiiformes; Gobioidei; Gobiidae; Gobionellinae; Acanthogobius.
Acanthogobius_stigmothonus,MT258987.1,Gobiidae,Eukaryota; Metazoa; Chordata; Craniata; Vertebrata; Euteleostomi; Actinopterygii; Neopterygii; Teleostei; Neoteleostei; Acanthomorphata; Gobiaria; Gobiiformes; Gobioidei; Gobiidae; Gobionellinae; Acanthogobius.
Acentrogobius_caninus,NC_041193.1,Gobiidae,Eukaryota; Metazoa; Chordata; Craniata; Vertebrata; Euteleostomi; Actinopterygii; Neopterygii; Teleostei; Neoteleostei; Acanthomorphata; Gobiaria; Gobiiformes; Gobioidei; Gobiidae; Gobiinae; Acentrogobius.
Acentrogobius_chlorostigmatoides,NC_020346.1,Gobiidae,Eukaryota; Metazoa; Chordata; Craniata; Vertebrata; Euteleostomi; Actinopterygii; Neopterygii; Teleostei; Neoteleostei; Acanthomorphata; Gobiaria; Gobiiformes; Gobioidei; Gobiidae; Gobiinae; Acentrogobius.
Acentrogobius_pflaumii,NC_018064.1,Gobiidae,Eukaryota; Metazoa; Chordata; Craniata; Vertebrata; Euteleostomi; Actinopterygii; Neopterygii; Teleostei; Neoteleostei; Acanthomorphata; Gobiaria; Gobiiformes; Gobioidei; Gobiidae; Gobiinae; Acentrogobius.
Afurcagobius_suppositus,NC_086664.1,Gobiidae,Eukaryota; Metazoa; Chordata; Craniata; Vertebrata; Euteleostomi; Actinopterygii; Neopterygii; Teleostei; Neoteleostei; Acanthomorphata; Gobiaria; Gobiiformes; Gobioidei; Gobiidae; Gobiinae; Afurcagobius.
Amblychaeturichthys_hexanema,NC_029228.1,Gobiidae,Eukaryota; Metazoa; Chordata; Craniata; Vertebrata; Euteleostomi; Actinopterygii; Neopterygii; Teleostei; Neoteleostei; Acanthomorphata; Gobiaria; Gobiiformes; Gobioidei; Gobiidae; Gobionellinae; Amblychaeturichthys.
Amblyeleotris_fontanesii,PZ614114.1,Gobiidae,Eukaryota; Metazoa; Chordata; Craniata; Vertebrata; Euteleostomi; Actinopterygii; Neopterygii; Teleostei; Neoteleostei; Acanthomorphata; Gobiaria; Gobiiformes; Gobioidei; Gobiidae; Gobiinae; Amblyeleotris.
Amblyeleotris_macronema,PZ091382.1,Gobiidae,Eukaryota; Metazoa; Chordata; Craniata; Vertebrata; Euteleostomi; Actinopterygii; Neopterygii; Teleostei; Neoteleostei; Acanthomorphata; Gobiaria; Gobiiformes; Gobioidei; Gobiidae; Gobiinae; Amblyeleotris.
Amblygobius_nocturnus,PZ614093.1,Gobiidae,Eukaryota; Metazoa; Chordata; Craniata; Vertebrata; Euteleostomi; Actinopterygii; Neopterygii; Teleostei; Neoteleostei; Acanthomorphata; Gobiaria; Gobiiformes; Gobioidei; Gobiidae; Gobiinae; Amblygobius.
Amblygobius_phalaena,PZ614095.1,Gobiidae,Eukaryota; Metazoa; Chordata; Craniata; Vertebrata; Euteleostomi; Actinopterygii; Neopterygii; Teleostei; Neoteleostei; Acanthomorphata; Gobiaria; Gobiiformes; Gobioidei; Gobiidae; Gobiinae; Amblygobius.
Amblyotrypauchen_arctocephalus,NC_058264.1,Gobiidae,Eukaryota; Metazoa; Chordata; Craniata; Vertebrata; Euteleostomi; Actinopterygii; Neopterygii; Teleostei; Neoteleostei; Acanthomorphata; Gobiaria; Gobiiformes; Gobioidei; Gobiidae; Amblyopinae; Amblyotrypauchen.
Amoya_chusanensis,NC_020347.1,Gobiidae,Eukaryota; Metazoa; Chordata; Craniata; Vertebrata; Euteleostomi; Actinopterygii; Neopterygii; Teleostei; Neoteleostei; Acanthomorphata; Gobiaria; Gobiiformes; Gobioidei; Gobiidae; Gobiinae; Amoya.
Apocryptodon_punctatus,KJ434599.1,Gobiidae,Eukaryota; Metazoa; Chordata; Craniata; Vertebrata; Euteleostomi; Actinopterygii; Neopterygii; Teleostei; Neoteleostei; Acanthomorphata; Gobiaria; Gobiiformes; Gobioidei; Gobiidae; Oxudercinae; Apocryptodon.
Asterropteryx_semipunctata,OP035064.1,Gobiidae,Eukaryota; Metazoa; Chordata; Craniata; Vertebrata; Euteleostomi; Actinopterygii; Neopterygii; Teleostei; Neoteleostei; Acanthomorphata; Gobiaria; Gobiiformes; Gobioidei; Gobiidae; Gobiinae; Asterropteryx.
Astrabe_fasciata,PX680749.1,Gobiidae,Eukaryota; Metazoa; Chordata; Craniata; Vertebrata; Euteleostomi; Actinopterygii; Neopterygii; Teleostei; Neoteleostei; Acanthomorphata; Gobiaria; Gobiiformes; Gobioidei; Gobiidae; Gobionellinae; Astrabe.
Aulopareia_sp_,,Gobiidae,inferred_from_genus:Aulopareia
Awaous_banana,NC_036224.1,Gobiidae,Eukaryota; Metazoa; Chordata; Craniata; Vertebrata; Euteleostomi; Actinopterygii; Neopterygii; Teleostei; Neoteleostei; Acanthomorphata; Gobiaria; Gobiiformes; Gobioidei; Gobiidae; Gobionellinae; Awaous.
Awaous_ocellaris,PZ614122.1,Gobiidae,Eukaryota; Metazoa; Chordata; Craniata; Vertebrata; Euteleostomi; Actinopterygii; Neopterygii; Teleostei; Neoteleostei; Acanthomorphata; Gobiaria; Gobiiformes; Gobioidei; Gobiidae; Gobionellinae; Awaous.
Barbulifer_antennatus,PV370327.1,Gobiidae,Eukaryota; Metazoa; Chordata; Craniata; Vertebrata; Euteleostomi; Actinopterygii; Neopterygii; Teleostei; Neoteleostei; Acanthomorphata; Gobiaria; Gobiiformes; Gobioidei; Gobiidae; Gobiinae; Barbulifer.
Barbulifer_ceuthoecus,PV460836.1,Gobiidae,Eukaryota; Metazoa; Chordata; Craniata; Vertebrata; Euteleostomi; Actinopterygii; Neopterygii; Teleostei; Neoteleostei; Acanthomorphata; Gobiaria; Gobiiformes; Gobioidei; Gobiidae; Gobiinae; Barbulifer.
Bathygobius_antilliensis,PZ614105.1,Gobiidae,Eukaryota; Metazoa; Chordata; Craniata; Vertebrata; Euteleostomi; Actinopterygii; Neopterygii; Teleostei; Neoteleostei; Acanthomorphata; Gobiaria; Gobiiformes; Gobioidei; Gobiidae; Gobiinae; Bathygobius.
Bathygobius_coalitus,OP035207.2,Gobiidae,Eukaryota; Metazoa; Chordata; Craniata; Vertebrata; Euteleostomi; Actinopterygii; Neopterygii; Teleostei; Neoteleostei; Acanthomorphata; Gobiaria; Gobiiformes; Gobioidei; Gobiidae; Gobiinae; Bathygobius.
Bathygobius_cocosensis,OP035318.1,Gobiidae,Eukaryota; Metazoa; Chordata; Craniata; Vertebrata; Euteleostomi; Actinopterygii; Neopterygii; Teleostei; Neoteleostei; Acanthomorphata; Gobiaria; Gobiiformes; Gobioidei; Gobiidae; Gobiinae; Bathygobius.
Bathygobius_cotticeps,OP035169.1,Gobiidae,Eukaryota; Metazoa; Chordata; Craniata; Vertebrata; Euteleostomi; Actinopterygii; Neopterygii; Teleostei; Neoteleostei; Acanthomorphata; Gobiaria; Gobiiformes; Gobioidei; Gobiidae; Gobiinae; Bathygobius.
Bathygobius_curacao,OP056848.1,Gobiidae,Eukaryota; Metazoa; Chordata; Craniata; Vertebrata; Euteleostomi; Actinopterygii; Neopterygii; Teleostei; Neoteleostei; Acanthomorphata; Gobiaria; Gobiiformes; Gobioidei; Gobiidae; Gobiinae; Bathygobius.
Bathygobius_cyclopterus,PZ614103.1,Gobiidae,Eukaryota; Metazoa; Chordata; Craniata; Vertebrata; Euteleostomi; Actinopterygii; Neopterygii; Teleostei; Neoteleostei; Acanthomorphata; Gobiaria; Gobiiformes; Gobioidei; Gobiidae; Gobiinae; Bathygobius.
Bathygobius_fuscus,PX659697.1,Gobiidae,Eukaryota; Metazoa; Chordata; Craniata; Vertebrata; Euteleostomi; Actinopterygii; Neopterygii; Teleostei; Neoteleostei; Acanthomorphata; Gobiaria; Gobiiformes; Gobioidei; Gobiidae; Gobiinae; Bathygobius.
Bathygobius_geminatus,OP056813.1,Gobiidae,Eukaryota; Metazoa; Chordata; Craniata; Vertebrata; Euteleostomi; Actinopterygii; Neopterygii; Teleostei; Neoteleostei; Acanthomorphata; Gobiaria; Gobiiformes; Gobioidei; Gobiidae; Gobiinae; Bathygobius.
Bathygobius_lacertus,PZ614106.1,Gobiidae,Eukaryota; Metazoa; Chordata; Craniata; Vertebrata; Euteleostomi; Actinopterygii; Neopterygii; Teleostei; Neoteleostei; Acanthomorphata; Gobiaria; Gobiiformes; Gobioidei; Gobiidae; Gobiinae; Bathygobius.
Bathygobius_mystacium,OP056863.1,Gobiidae,Eukaryota; Metazoa; Chordata; Craniata; Vertebrata; Euteleostomi; Actinopterygii; Neopterygii; Teleostei; Neoteleostei; Acanthomorphata; Gobiaria; Gobiiformes; Gobioidei; Gobiidae; Gobiinae; Bathygobius.
Boleophthalmus_pectinirostris,NC_016195.1,Gobiidae,Eukaryota; Metazoa; Chordata; Craniata; Vertebrata; Euteleostomi; Actinopterygii; Neopterygii; Teleostei; Neoteleostei; Acanthomorphata; Gobiaria; Gobiiformes; Gobioidei; Gobiidae; Oxudercinae; Boleophthalmus.
Bollmannia_eigenmannorum,PV329698.1,Gobiidae,Eukaryota; Metazoa; Chordata; Craniata; Vertebrata; Euteleostomi; Actinopterygii; Neopterygii; Teleostei; Neoteleostei; Acanthomorphata; Gobiaria; Gobiiformes; Gobioidei; Gobiidae; Gobiinae; Bollmannia.
Bostrychus_sinensis,OP747050.1,Eleotridae,Eukaryota; Metazoa; Chordata; Craniata; Vertebrata; Euteleostomi; Actinopterygii; Neopterygii; Teleostei; Neoteleostei; Acanthomorphata; Gobiaria; Gobiiformes; Eleotroidei; Eleotridae; Butinae; Bostrychus.
Bostrychus_sp_s_RZ-2023,,Eleotridae,inferred_from_genus:Bostrychus
Brachygobius_doriae,NC_037142.1,Gobiidae,Eukaryota; Metazoa; Chordata; Craniata; Vertebrata; Euteleostomi; Actinopterygii; Neopterygii; Teleostei; Neoteleostei; Acanthomorphata; Gobiaria; Gobiiformes; Gobioidei; Gobiidae; Gobionellinae; Brachygobius.
Brachygobius_kabiliensis,KT153060.1,Gobiidae,Eukaryota; Metazoa; Chordata; Craniata; Vertebrata; Euteleostomi; Actinopterygii; Neopterygii; Teleostei; Neoteleostei; Acanthomorphata; Gobiaria; Gobiiformes; Gobioidei; Gobiidae; Gobionellinae; Brachygobius.
Bryaninops_natans,PZ244758.1,Gobiidae,Eukaryota; Metazoa; Chordata; Craniata; Vertebrata; Euteleostomi; Actinopterygii; Neopterygii; Teleostei; Neoteleostei; Acanthomorphata; Gobiaria; Gobiiformes; Gobioidei; Gobiidae; Gobiinae; Bryaninops.
Bryaninops_yongei,OP035304.1,Gobiidae,Eukaryota; Metazoa; Chordata; Craniata; Vertebrata; Euteleostomi; Actinopterygii; Neopterygii; Teleostei; Neoteleostei; Acanthomorphata; Gobiaria; Gobiiformes; Gobioidei; Gobiidae; Gobiinae; Bryaninops.
Butis_koilomatodon,PZ137314.1,Eleotridae,Eukaryota; Metazoa; Chordata; Craniata; Vertebrata; Euteleostomi; Actinopterygii; Neopterygii; Teleostei; Neoteleostei; Acanthomorphata; Gobiaria; Gobiiformes; Eleotroidei; Eleotridae; Butinae; Butis.
Butis_melanostigma,NC_081040.1,Eleotridae,Eukaryota; Metazoa; Chordata; Craniata; Vertebrata; Euteleostomi; Actinopterygii; Neopterygii; Teleostei; Neoteleostei; Acanthomorphata; Gobiaria; Gobiiformes; Eleotroidei; Eleotridae; Butinae; Butis.
Callogobius_flavobrunneus,PZ614099.1,Gobiidae,Eukaryota; Metazoa; Chordata; Craniata; Vertebrata; Euteleostomi; Actinopterygii; Neopterygii; Teleostei; Neoteleostei; Acanthomorphata; Gobiaria; Gobiiformes; Gobioidei; Gobiidae; Gobiinae; Callogobius.
Callogobius_hasseltii,PZ614115.1,Gobiidae,Eukaryota; Metazoa; Chordata; Craniata; Vertebrata; Euteleostomi; Actinopterygii; Neopterygii; Teleostei; Neoteleostei; Acanthomorphata; Gobiaria; Gobiiformes; Gobioidei; Gobiidae; Gobiinae; Callogobius.
Callogobius_maculipinnis,PZ614111.1,Gobiidae,Eukaryota; Metazoa; Chordata; Craniata; Vertebrata; Euteleostomi; Actinopterygii; Neopterygii; Teleostei; Neoteleostei; Acanthomorphata; Gobiaria; Gobiiformes; Gobioidei; Gobiidae; Gobiinae; Callogobius.
Callogobius_nigromarginatus,NC_072170.1,Gobiidae,Eukaryota; Metazoa; Chordata; Craniata; Vertebrata; Euteleostomi; Actinopterygii; Neopterygii; Teleostei; Neoteleostei; Acanthomorphata; Gobiaria; Gobiiformes; Gobioidei; Gobiidae; Gobiinae; Callogobius.
Callogobius_sclateri,PZ614096.1,Gobiidae,Eukaryota; Metazoa; Chordata; Craniata; Vertebrata; Euteleostomi; Actinopterygii; Neopterygii; Teleostei; Neoteleostei; Acanthomorphata; Gobiaria; Gobiiformes; Gobioidei; Gobiidae; Gobiinae; Callogobius.
Callogobius_tanegasimae,PZ210306.1,Gobiidae,Eukaryota; Metazoa; Chordata; Craniata; Vertebrata; Euteleostomi; Actinopterygii; Neopterygii; Teleostei; Neoteleostei; Acanthomorphata; Gobiaria; Gobiiformes; Gobioidei; Gobiidae; Gobiinae; Callogobius.
Cerdale_floridana,PV454007.1,Gobiidae,Eukaryota; Metazoa; Chordata; Craniata; Vertebrata; Euteleostomi; Actinopterygii; Neopterygii; Teleostei; Neoteleostei; Acanthomorphata; Gobiaria; Gobiiformes; Gobioidei; Gobiidae; Microdesminae; Cerdale.
Chaenogobius_annularis,NC_063745.1,Gobiidae,Eukaryota; Metazoa; Chordata; Craniata; Vertebrata; Euteleostomi; Actinopterygii; Neopterygii; Teleostei; Neoteleostei; Acanthomorphata; Gobiaria; Gobiiformes; Gobioidei; Gobiidae; Gobionellinae; Chaenogobius.
Chaenogobius_gulosus,NC_027193.1,Gobiidae,Eukaryota; Metazoa; Chordata; Craniata; Vertebrata; Euteleostomi; Actinopterygii; Neopterygii; Teleostei; Neoteleostei; Acanthomorphata; Gobiaria; Gobiiformes; Gobioidei; Gobiidae; Gobionellinae; Chaenogobius.
Chaeturichthys_stigmatias,NC_020786.1,Gobiidae,Eukaryota; Metazoa; Chordata; Craniata; Vertebrata; Euteleostomi; Actinopterygii; Neopterygii; Teleostei; Neoteleostei; Acanthomorphata; Gobiaria; Gobiiformes; Gobioidei; Gobiidae; Gobionellinae; Chaeturichthys.
Cryptocentrus_cinctus,MT199211.1,Gobiidae,Eukaryota; Metazoa; Chordata; Craniata; Vertebrata; Euteleostomi; Actinopterygii; Neopterygii; Teleostei; Neoteleostei; Acanthomorphata; Gobiaria; Gobiiformes; Gobioidei; Gobiidae; Gobiinae; Cryptocentrus.
Crystallogobius_linearis,MN122854.1,Gobiidae,Eukaryota; Metazoa; Chordata; Craniata; Vertebrata; Euteleostomi; Actinopterygii; Neopterygii; Teleostei; Neoteleostei; Acanthomorphata; Gobiaria; Gobiiformes; Gobioidei; Gobiidae; Gobiinae; Crystallogobius.
Ctenogobiops_feroculus,PZ614117.1,Gobiidae,Eukaryota; Metazoa; Chordata; Craniata; Vertebrata; Euteleostomi; Actinopterygii; Neopterygii; Teleostei; Neoteleostei; Acanthomorphata; Gobiaria; Gobiiformes; Gobioidei; Gobiidae; Gobiinae; Ctenogobiops.
Ctenogobius_boleosoma,OP057001.1,Gobiidae,Eukaryota; Metazoa; Chordata; Craniata; Vertebrata; Euteleostomi; Actinopterygii; Neopterygii; Teleostei; Neoteleostei; Acanthomorphata; Gobiaria; Gobiiformes; Gobioidei; Gobiidae; Gobionellinae; Ctenogobius.
Ctenogobius_saepepallens,NC_083018.1,Gobiidae,Eukaryota; Metazoa; Chordata; Craniata; Vertebrata; Euteleostomi; Actinopterygii; Neopterygii; Teleostei; Neoteleostei; Acanthomorphata; Gobiaria; Gobiiformes; Gobioidei; Gobiidae; Gobionellinae; Ctenogobius.
Ctenotrypauchen_chinensis,NC_058265.1,Gobiidae,Eukaryota; Metazoa; Chordata; Craniata; Vertebrata; Euteleostomi; Actinopterygii; Neopterygii; Teleostei; Neoteleostei; Acanthomorphata; Gobiaria; Gobiiformes; Gobioidei; Gobiidae; Amblyopinae; Ctenotrypauchen.
Discordipinna_griessingeri,OP035087.2,Gobiidae,Eukaryota; Metazoa; Chordata; Craniata; Vertebrata; Euteleostomi; Actinopterygii; Neopterygii; Teleostei; Neoteleostei; Acanthomorphata; Gobiaria; Gobiiformes; Gobioidei; Gobiidae; Gobiinae; Discordipinna.
Dormitator_maculatus,OP056888.1,Eleotridae,Eukaryota; Metazoa; Chordata; Craniata; Vertebrata; Euteleostomi; Actinopterygii; Neopterygii; Teleostei; Neoteleostei; Acanthomorphata; Gobiaria; Gobiiformes; Eleotroidei; Eleotridae; Eleotrinae; Dormitator.
Elacatinus_evelynae,PZ614088.1,Gobiidae,Eukaryota; Metazoa; Chordata; Craniata; Vertebrata; Euteleostomi; Actinopterygii; Neopterygii; Teleostei; Neoteleostei; Acanthomorphata; Gobiaria; Gobiiformes; Gobioidei; Gobiidae; Gobiinae; Elacatinus.
Elacatinus_genie,PV460835.1,Gobiidae,Eukaryota; Metazoa; Chordata; Craniata; Vertebrata; Euteleostomi; Actinopterygii; Neopterygii; Teleostei; Neoteleostei; Acanthomorphata; Gobiaria; Gobiiformes; Gobioidei; Gobiidae; Gobiinae; Elacatinus.
Elacatinus_horsti,PV370325.1,Gobiidae,Eukaryota; Metazoa; Chordata; Craniata; Vertebrata; Euteleostomi; Actinopterygii; Neopterygii; Teleostei; Neoteleostei; Acanthomorphata; Gobiaria; Gobiiformes; Gobioidei; Gobiidae; Gobiinae; Elacatinus.
Elacatinus_oceanops,PV460841.1,Gobiidae,Eukaryota; Metazoa; Chordata; Craniata; Vertebrata; Euteleostomi; Actinopterygii; Neopterygii; Teleostei; Neoteleostei; Acanthomorphata; Gobiaria; Gobiiformes; Gobioidei; Gobiidae; Gobiinae; Elacatinus.
Elacatinus_prochilos,PV460844.1,Gobiidae,Eukaryota; Metazoa; Chordata; Craniata; Vertebrata; Euteleostomi; Actinopterygii; Neopterygii; Teleostei; Neoteleostei; Acanthomorphata; Gobiaria; Gobiiformes; Gobioidei; Gobiidae; Gobiinae; Elacatinus.
Elacatinus_randalli,PV370323.1,Gobiidae,Eukaryota; Metazoa; Chordata; Craniata; Vertebrata; Euteleostomi; Actinopterygii; Neopterygii; Teleostei; Neoteleostei; Acanthomorphata; Gobiaria; Gobiiformes; Gobioidei; Gobiidae; Gobiinae; Elacatinus.
Elacatinus_xanthiprora,PV460832.1,Gobiidae,Eukaryota; Metazoa; Chordata; Craniata; Vertebrata; Euteleostomi; Actinopterygii; Neopterygii; Teleostei; Neoteleostei; Acanthomorphata; Gobiaria; Gobiiformes; Gobioidei; Gobiidae; Gobiinae; Elacatinus.
Eleotris_acanthopomus,NC_004415.1,Eleotridae,Eukaryota; Metazoa; Chordata; Craniata; Vertebrata; Euteleostomi; Actinopterygii; Neopterygii; Teleostei; Neoteleostei; Acanthomorphata; Gobiaria; Gobiiformes; Eleotroidei; Eleotridae; Eleotrinae; Eleotris.
Eleotris_amblyopsis,NC_036225.1,Eleotridae,Eukaryota; Metazoa; Chordata; Craniata; Vertebrata; Euteleostomi; Actinopterygii; Neopterygii; Teleostei; Neoteleostei; Acanthomorphata; Gobiaria; Gobiiformes; Eleotroidei; Eleotridae; Eleotrinae; Eleotris.
Eleotris_fusca,NC_037140.1,Eleotridae,Eukaryota; Metazoa; Chordata; Craniata; Vertebrata; Euteleostomi; Actinopterygii; Neopterygii; Teleostei; Neoteleostei; Acanthomorphata; Gobiaria; Gobiiformes; Eleotroidei; Eleotridae; Eleotrinae; Eleotris.
Eleotris_klunzingerii,NC_042774.1,Eleotridae,Eukaryota; Metazoa; Chordata; Craniata; Vertebrata; Euteleostomi; Actinopterygii; Neopterygii; Teleostei; Neoteleostei; Acanthomorphata; Gobiaria; Gobiiformes; Eleotroidei; Eleotridae; Eleotrinae; Eleotris.
Eleotris_oxycephala,NC_026902.1,Eleotridae,Eukaryota; Metazoa; Chordata; Craniata; Vertebrata; Euteleostomi; Actinopterygii; Neopterygii; Teleostei; Neoteleostei; Acanthomorphata; Gobiaria; Gobiiformes; Eleotroidei; Eleotridae; Eleotrinae; Eleotris.
Eleotris_picta,NC_036226.1,Eleotridae,Eukaryota; Metazoa; Chordata; Craniata; Vertebrata; Euteleostomi; Actinopterygii; Neopterygii; Teleostei; Neoteleostei; Acanthomorphata; Gobiaria; Gobiiformes; Eleotroidei; Eleotridae; Eleotrinae; Eleotris.
Eucyclogobius_newberryi,NC_028288.1,Gobiidae,Eukaryota; Metazoa; Chordata; Craniata; Vertebrata; Euteleostomi; Actinopterygii; Neopterygii; Teleostei; Neoteleostei; Acanthomorphata; Gobiaria; Gobiiformes; Gobioidei; Gobiidae; Gobionellinae; Eucyclogobius.
Eugnathogobius_oligactis,NC_033391.1,Gobiidae,Eukaryota; Metazoa; Chordata; Craniata; Vertebrata; Euteleostomi; Actinopterygii; Neopterygii; Teleostei; Neoteleostei; Acanthomorphata; Gobiaria; Gobiiformes; Gobioidei; Gobiidae; Gobionellinae; Eugnathogobius.
Eugnathogobius_variegatus,KT075096.1,Gobiidae,Eukaryota; Metazoa; Chordata; Craniata; Vertebrata; Euteleostomi; Actinopterygii; Neopterygii; Teleostei; Neoteleostei; Acanthomorphata; Gobiaria; Gobiiformes; Gobioidei; Gobiidae; Gobionellinae; Eugnathogobius.
Eviota_atriventris,PZ244753.1,Gobiidae,Eukaryota; Metazoa; Chordata; Craniata; Vertebrata; Euteleostomi; Actinopterygii; Neopterygii; Teleostei; Neoteleostei; Acanthomorphata; Gobiaria; Gobiiformes; Gobioidei; Gobiidae; Gobiinae; Eviota.
Eviota_epiphanes,NC_083186.1,Gobiidae,Eukaryota; Metazoa; Chordata; Craniata; Vertebrata; Euteleostomi; Actinopterygii; Neopterygii; Teleostei; Neoteleostei; Acanthomorphata; Gobiaria; Gobiiformes; Gobioidei; Gobiidae; Gobiinae; Eviota.
Exyrias_puntang,NC_037143.1,Gobiidae,Eukaryota; Metazoa; Chordata; Craniata; Vertebrata; Euteleostomi; Actinopterygii; Neopterygii; Teleostei; Neoteleostei; Acanthomorphata; Gobiaria; Gobiiformes; Gobioidei; Gobiidae; Gobiinae; Exyrias.
Favonigobius_gymnauchen,NC_047227.1,Gobiidae,Eukaryota; Metazoa; Chordata; Craniata; Vertebrata; Euteleostomi; Actinopterygii; Neopterygii; Teleostei; Neoteleostei; Acanthomorphata; Gobiaria; Gobiiformes; Gobioidei; Gobiidae; Gobiinae; Favonigobius.
Favonigobius_reichei,MN617828.1,Gobiidae,Eukaryota; Metazoa; Chordata; Craniata; Vertebrata; Euteleostomi; Actinopterygii; Neopterygii; Teleostei; Neoteleostei; Acanthomorphata; Gobiaria; Gobiiformes; Gobioidei; Gobiidae; Gobiinae; Favonigobius.
Gillichthys_mirabilis,NC_012906.1,Gobiidae,Eukaryota; Metazoa; Chordata; Craniata; Vertebrata; Euteleostomi; Actinopterygii; Neopterygii; Teleostei; Neoteleostei; Acanthomorphata; Gobiaria; Gobiiformes; Gobioidei; Gobiidae; Gobionellinae; Gillichthys.
Gillichthys_seta,NC_012908.1,Gobiidae,Eukaryota; Metazoa; Chordata; Craniata; Vertebrata; Euteleostomi; Actinopterygii; Neopterygii; Teleostei; Neoteleostei; Acanthomorphata; Gobiaria; Gobiiformes; Gobioidei; Gobiidae; Gobionellinae; Gillichthys.
Glossogobius_aureus,PX734690.1,Gobiidae,Eukaryota; Metazoa; Chordata; Craniata; Vertebrata; Euteleostomi; Actinopterygii; Neopterygii; Teleostei; Neoteleostei; Acanthomorphata; Gobiaria; Gobiiformes; Gobioidei; Gobiidae; Gobiinae; Glossogobius.
Glossogobius_circumspectus,PX734652.1,Gobiidae,Eukaryota; Metazoa; Chordata; Craniata; Vertebrata; Euteleostomi; Actinopterygii; Neopterygii; Teleostei; Neoteleostei; Acanthomorphata; Gobiaria; Gobiiformes; Gobioidei; Gobiidae; Gobiinae; Glossogobius.
Glossogobius_concavifrons,PX734661.1,Gobiidae,Eukaryota; Metazoa; Chordata; Craniata; Vertebrata; Euteleostomi; Actinopterygii; Neopterygii; Teleostei; Neoteleostei; Acanthomorphata; Gobiaria; Gobiiformes; Gobioidei; Gobiidae; Gobiinae; Glossogobius.
Glossogobius_giuris,NC_036674.1,Gobiidae,Eukaryota; Metazoa; Chordata; Craniata; Vertebrata; Euteleostomi; Actinopterygii; Neopterygii; Teleostei; Neoteleostei; Acanthomorphata; Gobiaria; Gobiiformes; Gobioidei; Gobiidae; Gobiinae; Glossogobius.
Glossogobius_munroi,PX734647.1,Gobiidae,Eukaryota; Metazoa; Chordata; Craniata; Vertebrata; Euteleostomi; Actinopterygii; Neopterygii; Teleostei; Neoteleostei; Acanthomorphata; Gobiaria; Gobiiformes; Gobioidei; Gobiidae; Gobiinae; Glossogobius.
Glossogobius_olivaceus,NC_016664.1,Gobiidae,Eukaryota; Metazoa; Chordata; Craniata; Vertebrata; Euteleostomi; Actinopterygii; Neopterygii; Teleostei; Neoteleostei; Acanthomorphata; Gobiaria; Gobiiformes; Gobioidei; Gobiidae; Gobiinae; Glossogobius.
Gnatholepis_anjerensis,OP035196.1,Gobiidae,Eukaryota; Metazoa; Chordata; Craniata; Vertebrata; Euteleostomi; Actinopterygii; Neopterygii; Teleostei; Neoteleostei; Acanthomorphata; Gobiaria; Gobiiformes; Gobioidei; Gobiidae; Gobionellinae; Gnatholepis.
Gnatholepis_cauerensis,PZ614104.1,Gobiidae,Eukaryota; Metazoa; Chordata; Craniata; Vertebrata; Euteleostomi; Actinopterygii; Neopterygii; Teleostei; Neoteleostei; Acanthomorphata; Gobiaria; Gobiiformes; Gobioidei; Gobiidae; Gobionellinae; Gnatholepis.
Gnatholepis_thompsoni,OP056832.2,Gobiidae,Eukaryota; Metazoa; Chordata; Craniata; Vertebrata; Euteleostomi; Actinopterygii; Neopterygii; Teleostei; Neoteleostei; Acanthomorphata; Gobiaria; Gobiiformes; Gobioidei; Gobiidae; Gobionellinae; Gnatholepis.
Gobiidae_sp_,,Gobiidae,inferred_from_genus:Gobiidae
Gobiomorphus_australis,NC_087907.1,Eleotridae,Eukaryota; Metazoa; Chordata; Craniata; Vertebrata; Euteleostomi; Actinopterygii; Neopterygii; Teleostei; Neoteleostei; Acanthomorphata; Gobiaria; Gobiiformes; Eleotroidei; Eleotridae; Eleotrinae; Gobiomorphus.
Gobiomorphus_coxii,NC_087906.1,Eleotridae,Eukaryota; Metazoa; Chordata; Craniata; Vertebrata; Euteleostomi; Actinopterygii; Neopterygii; Teleostei; Neoteleostei; Acanthomorphata; Gobiaria; Gobiiformes; Eleotroidei; Eleotridae; Eleotrinae; Gobiomorphus.
Gobiomorphus_huttoni,NC_084346.1,Eleotridae,Eukaryota; Metazoa; Chordata; Craniata; Vertebrata; Euteleostomi; Actinopterygii; Neopterygii; Teleostei; Neoteleostei; Acanthomorphata; Gobiaria; Gobiiformes; Eleotroidei; Eleotridae; Eleotrinae; Gobiomorphus.
Gobiomorus_dormitor,PX740855.1,Eleotridae,Eukaryota; Metazoa; Chordata; Craniata; Vertebrata; Euteleostomi; Actinopterygii; Neopterygii; Teleostei; Neoteleostei; Acanthomorphata; Gobiaria; Gobiiformes; Eleotroidei; Eleotridae; Eleotrinae; Gobiomorus.
Gobiomorus_maculatus,NC_036227.1,Eleotridae,Eukaryota; Metazoa; Chordata; Craniata; Vertebrata; Euteleostomi; Actinopterygii; Neopterygii; Teleostei; Neoteleostei; Acanthomorphata; Gobiaria; Gobiiformes; Eleotroidei; Eleotridae; Eleotrinae; Gobiomorus.
Gobionellus_oceanicus,OP035170.2,Gobiidae,Eukaryota; Metazoa; Chordata; Craniata; Vertebrata; Euteleostomi; Actinopterygii; Neopterygii; Teleostei; Neoteleostei; Acanthomorphata; Gobiaria; Gobiiformes; Gobioidei; Gobiidae; Gobionellinae; Gobionellus.
Gobiopterus_lacustris,NC_040003.1,Gobiidae,Eukaryota; Metazoa; Chordata; Craniata; Vertebrata; Euteleostomi; Actinopterygii; Neopterygii; Teleostei; Neoteleostei; Acanthomorphata; Gobiaria; Gobiiformes; Gobioidei; Gobiidae; Gobiinae; Gobiopterus.
Gobiosoma_bosc,PX740873.1,Gobiidae,Eukaryota; Metazoa; Chordata; Craniata; Vertebrata; Euteleostomi; Actinopterygii; Neopterygii; Teleostei; Neoteleostei; Acanthomorphata; Gobiaria; Gobiiformes; Gobioidei; Gobiidae; Gobiinae; Gobiosoma.
Gobiosoma_ginsburgi,OP056822.2,Gobiidae,Eukaryota; Metazoa; Chordata; Craniata; Vertebrata; Euteleostomi; Actinopterygii; Neopterygii; Teleostei; Neoteleostei; Acanthomorphata; Gobiaria; Gobiiformes; Gobioidei; Gobiidae; Gobiinae; Gobiosoma.
Gobiosoma_robustum,OP057000.1,Gobiidae,Eukaryota; Metazoa; Chordata; Craniata; Vertebrata; Euteleostomi; Actinopterygii; Neopterygii; Teleostei; Neoteleostei; Acanthomorphata; Gobiaria; Gobiiformes; Gobioidei; Gobiidae; Gobiinae; Gobiosoma.
Gobiusculus_flavescens,NC_052761.1,Gobiidae,Eukaryota; Metazoa; Chordata; Craniata; Vertebrata; Euteleostomi; Actinopterygii; Neopterygii; Teleostei; Neoteleostei; Acanthomorphata; Gobiaria; Gobiiformes; Gobioidei; Gobiidae; Gobiinae; Gobiusculus.
Gymnogobius_laevis,MW049117.1,Gobiidae,Eukaryota; Metazoa; Chordata; Craniata; Vertebrata; Euteleostomi; Actinopterygii; Neopterygii; Teleostei; Neoteleostei; Acanthomorphata; Gobiaria; Gobiiformes; Gobioidei; Gobiidae; Gobionellinae; Gymnogobius.
Gymnogobius_petschiliensis,NC_008743.1,Gobiidae,Eukaryota; Metazoa; Chordata; Craniata; Vertebrata; Euteleostomi; Actinopterygii; Neopterygii; Teleostei; Neoteleostei; Acanthomorphata; Gobiaria; Gobiiformes; Gobioidei; Gobiidae; Gobionellinae; Gymnogobius.
Gymnogobius_urotaenia,NC_028432.1,Gobiidae,Eukaryota; Metazoa; Chordata; Craniata; Vertebrata; Euteleostomi; Actinopterygii; Neopterygii; Teleostei; Neoteleostei; Acanthomorphata; Gobiaria; Gobiiformes; Gobioidei; Gobiidae; Gobionellinae; Gymnogobius.
Hemieleotris_latifasciata,NC_036228.1,Eleotridae,Eukaryota; Metazoa; Chordata; Craniata; Vertebrata; Euteleostomi; Actinopterygii; Neopterygii; Teleostei; Neoteleostei; Acanthomorphata; Gobiaria; Gobiiformes; Eleotroidei; Eleotridae; Eleotrinae; Hemieleotris.
Hemigobius_hoevenii,NC_032395.1,Gobiidae,Eukaryota; Metazoa; Chordata; Craniata; Vertebrata; Euteleostomi; Actinopterygii; Neopterygii; Teleostei; Neoteleostei; Acanthomorphata; Gobiaria; Gobiiformes; Gobioidei; Gobiidae; Gobionellinae; Hemigobius.
Hypseleotris_acropinna,NC_082228.1,Eleotridae,Eukaryota; Metazoa; Chordata; Craniata; Vertebrata; Euteleostomi; Actinopterygii; Neopterygii; Teleostei; Neoteleostei; Acanthomorphata; Gobiaria; Gobiiformes; Eleotroidei; Eleotridae; Eleotrinae; Hypseleotris.
Hypseleotris_barrawayi,PX734671.1,Eleotridae,Eukaryota; Metazoa; Chordata; Craniata; Vertebrata; Euteleostomi; Actinopterygii; Neopterygii; Teleostei; Neoteleostei; Acanthomorphata; Gobiaria; Gobiiformes; Eleotroidei; Eleotridae; Eleotrinae; Hypseleotris.
Hypseleotris_bucephala,NC_082229.1,Eleotridae,Eukaryota; Metazoa; Chordata; Craniata; Vertebrata; Euteleostomi; Actinopterygii; Neopterygii; Teleostei; Neoteleostei; Acanthomorphata; Gobiaria; Gobiiformes; Eleotroidei; Eleotridae; Eleotrinae; Hypseleotris.
Hypseleotris_cyprinoides,NC_065021.1,Eleotridae,Eukaryota; Metazoa; Chordata; Craniata; Vertebrata; Euteleostomi; Actinopterygii; Neopterygii; Teleostei; Neoteleostei; Acanthomorphata; Gobiaria; Gobiiformes; Eleotroidei; Eleotridae; Eleotrinae; Hypseleotris.
Hypseleotris_gymnocephala,OP882647.1,Eleotridae,Eukaryota; Metazoa; Chordata; Craniata; Vertebrata; Euteleostomi; Actinopterygii; Neopterygii; Teleostei; Neoteleostei; Acanthomorphata; Gobiaria; Gobiiformes; Eleotroidei; Eleotridae; Eleotrinae; Hypseleotris.
Hypseleotris_klunzingeri,OR263618.1,Eleotridae,Eukaryota; Metazoa; Chordata; Craniata; Vertebrata; Euteleostomi; Actinopterygii; Neopterygii; Teleostei; Neoteleostei; Acanthomorphata; Gobiaria; Gobiiformes; Eleotroidei; Eleotridae; Eleotrinae; Hypseleotris.
Hypseleotris_sp_HAxHB,,Eleotridae,inferred_from_genus:Hypseleotris
Istigobius_campbelli,NC_046573.1,Gobiidae,Eukaryota; Metazoa; Chordata; Craniata; Vertebrata; Euteleostomi; Actinopterygii; Neopterygii; Teleostei; Neoteleostei; Acanthomorphata; Gobiaria; Gobiiformes; Gobioidei; Gobiidae; Gobiinae; Istigobius.
Istigobius_decoratus,PZ614112.1,Gobiidae,Eukaryota; Metazoa; Chordata; Craniata; Vertebrata; Euteleostomi; Actinopterygii; Neopterygii; Teleostei; Neoteleostei; Acanthomorphata; Gobiaria; Gobiiformes; Gobioidei; Gobiidae; Gobiinae; Istigobius.
Istigobius_ornatus,PZ614100.1,Gobiidae,Eukaryota; Metazoa; Chordata; Craniata; Vertebrata; Euteleostomi; Actinopterygii; Neopterygii; Teleostei; Neoteleostei; Acanthomorphata; Gobiaria; Gobiiformes; Gobioidei; Gobiidae; Gobiinae; Istigobius.
Kraemeria_cunicularia,NC_035716.1,Kraemeriidae,Eukaryota; Metazoa; Chordata; Craniata; Vertebrata; Euteleostomi; Actinopterygii; Neopterygii; Teleostei; Neoteleostei; Acanthomorphata; Gobiaria; Gobiiformes; Gobioidei; Kraemeriidae; Kraemeria.
Lentipes_bunagaya,NC_058980.1,Gobiidae,Eukaryota; Metazoa; Chordata; Craniata; Vertebrata; Euteleostomi; Actinopterygii; Neopterygii; Teleostei; Neoteleostei; Acanthomorphata; Gobiaria; Gobiiformes; Gobioidei; Gobiidae; Sicydiinae; Lentipes.
Lentipes_ikeae,OP764680.1,Gobiidae,Eukaryota; Metazoa; Chordata; Craniata; Vertebrata; Euteleostomi; Actinopterygii; Neopterygii; Teleostei; Neoteleostei; Acanthomorphata; Gobiaria; Gobiiformes; Gobioidei; Gobiidae; Sicydiinae; Lentipes.
Lentipes_kijimuna,NC_058979.1,Gobiidae,Eukaryota; Metazoa; Chordata; Craniata; Vertebrata; Euteleostomi; Actinopterygii; Neopterygii; Teleostei; Neoteleostei; Acanthomorphata; Gobiaria; Gobiiformes; Gobioidei; Gobiidae; Sicydiinae; Lentipes.
Lentipes_palawanirufus,NC_058981.1,Gobiidae,Eukaryota; Metazoa; Chordata; Craniata; Vertebrata; Euteleostomi; Actinopterygii; Neopterygii; Teleostei; Neoteleostei; Acanthomorphata; Gobiaria; Gobiiformes; Gobioidei; Gobiidae; Sicydiinae; Lentipes.
Lesueurigobius_friesii,NC_052760.1,Gobiidae,Eukaryota; Metazoa; Chordata; Craniata; Vertebrata; Euteleostomi; Actinopterygii; Neopterygii; Teleostei; Neoteleostei; Acanthomorphata; Gobiaria; Gobiiformes; Gobioidei; Gobiidae; Gobiinae; Lesueurigobius.
Leucopsarion_petersii,PP727280.1,Gobiidae,Eukaryota; Metazoa; Chordata; Craniata; Vertebrata; Euteleostomi; Actinopterygii; Neopterygii; Teleostei; Neoteleostei; Acanthomorphata; Gobiaria; Gobiiformes; Gobioidei; Gobiidae; Gobionellinae; Leucopsarion.
Lophiogobius_ocellicauda,NC_020783.1,Gobiidae,Eukaryota; Metazoa; Chordata; Craniata; Vertebrata; Euteleostomi; Actinopterygii; Neopterygii; Teleostei; Neoteleostei; Acanthomorphata; Gobiaria; Gobiiformes; Gobioidei; Gobiidae; Gobionellinae; Lophiogobius.
Lophogobius_cyprinoides,OP056984.2,Gobiidae,Eukaryota; Metazoa; Chordata; Craniata; Vertebrata; Euteleostomi; Actinopterygii; Neopterygii; Teleostei; Neoteleostei; Acanthomorphata; Gobiaria; Gobiiformes; Gobioidei; Gobiidae; Gobiinae; Lophogobius.
Luciogobius_elongatus,NC_044716.1,Gobiidae,Eukaryota; Metazoa; Chordata; Craniata; Vertebrata; Euteleostomi; Actinopterygii; Neopterygii; Teleostei; Neoteleostei; Acanthomorphata; Gobiaria; Gobiiformes; Gobioidei; Gobiidae; Gobionellinae; Luciogobius.
Luciogobius_grandis,NC_044715.1,Gobiidae,Eukaryota; Metazoa; Chordata; Craniata; Vertebrata; Euteleostomi; Actinopterygii; Neopterygii; Teleostei; Neoteleostei; Acanthomorphata; Gobiaria; Gobiiformes; Gobioidei; Gobiidae; Gobionellinae; Luciogobius.
Luciogobius_pallidus,NC_027062.1,Gobiidae,Eukaryota; Metazoa; Chordata; Craniata; Vertebrata; Euteleostomi; Actinopterygii; Neopterygii; Teleostei; Neoteleostei; Acanthomorphata; Gobiaria; Gobiiformes; Gobioidei; Gobiidae; Gobionellinae; Luciogobius.
Luciogobius_parvulus,PP829259.1,Gobiidae,Eukaryota; Metazoa; Chordata; Craniata; Vertebrata; Euteleostomi; Actinopterygii; Neopterygii; Teleostei; Neoteleostei; Acanthomorphata; Gobiaria; Gobiiformes; Gobioidei; Gobiidae; Gobionellinae; Luciogobius.
Luciogobius_platycephalus,NC_019811.1,Gobiidae,Eukaryota; Metazoa; Chordata; Craniata; Vertebrata; Euteleostomi; Actinopterygii; Neopterygii; Teleostei; Neoteleostei; Acanthomorphata; Gobiaria; Gobiiformes; Gobioidei; Gobiidae; Gobionellinae; Luciogobius.
Lythrypnus_crocodilus,PZ614116.1,Gobiidae,Eukaryota; Metazoa; Chordata; Craniata; Vertebrata; Euteleostomi; Actinopterygii; Neopterygii; Teleostei; Neoteleostei; Acanthomorphata; Gobiaria; Gobiiformes; Gobioidei; Gobiidae; Gobiinae; Lythrypnus.
Lythrypnus_sp_AC-2023,,Gobiidae,inferred_from_genus:Lythrypnus
Microdous_chalmersi,OQ852470.1,Odontobutidae,Eukaryota; Metazoa; Chordata; Craniata; Vertebrata; Euteleostomi; Actinopterygii; Neopterygii; Teleostei; Neoteleostei; Acanthomorphata; Gobiaria; Gobiiformes; Gobioidei; Odontobutidae; Microdous.
Microgobius_carri,OP056867.2,Gobiidae,Eukaryota; Metazoa; Chordata; Craniata; Vertebrata; Euteleostomi; Actinopterygii; Neopterygii; Teleostei; Neoteleostei; Acanthomorphata; Gobiaria; Gobiiformes; Gobioidei; Gobiidae; Gobiinae; Microgobius.
Micropercops_swinhonis,NC_021763.1,Odontobutidae,Eukaryota; Metazoa; Chordata; Craniata; Vertebrata; Euteleostomi; Actinopterygii; Neopterygii; Teleostei; Neoteleostei; Acanthomorphata; Gobiaria; Gobiiformes; Gobioidei; Odontobutidae; Micropercops.
Mogurnda_adspersa,OP882662.1,Eleotridae,Eukaryota; Metazoa; Chordata; Craniata; Vertebrata; Euteleostomi; Actinopterygii; Neopterygii; Teleostei; Neoteleostei; Acanthomorphata; Gobiaria; Gobiiformes; Eleotroidei; Eleotridae; Eleotrinae; Mogurnda.
Mogurnda_larapintae,PX734657.1,Eleotridae,Eukaryota; Metazoa; Chordata; Craniata; Vertebrata; Euteleostomi; Actinopterygii; Neopterygii; Teleostei; Neoteleostei; Acanthomorphata; Gobiaria; Gobiiformes; Eleotroidei; Eleotridae; Eleotrinae; Mogurnda.
Mogurnda_mogurnda,PX734707.1,Eleotridae,Eukaryota; Metazoa; Chordata; Craniata; Vertebrata; Euteleostomi; Actinopterygii; Neopterygii; Teleostei; Neoteleostei; Acanthomorphata; Gobiaria; Gobiiformes; Eleotroidei; Eleotridae; Eleotrinae; Mogurnda.
Mugilogobius_abei,NC_023353.1,Gobiidae,Eukaryota; Metazoa; Chordata; Craniata; Vertebrata; Euteleostomi; Actinopterygii; Neopterygii; Teleostei; Neoteleostei; Acanthomorphata; Gobiaria; Gobiiformes; Gobioidei; Gobiidae; Gobionellinae; Mugilogobius.
Mugilogobius_chulae,NC_026519.1,Gobiidae,Eukaryota; Metazoa; Chordata; Craniata; Vertebrata; Euteleostomi; Actinopterygii; Neopterygii; Teleostei; Neoteleostei; Acanthomorphata; Gobiaria; Gobiiformes; Gobioidei; Gobiidae; Gobionellinae; Mugilogobius.
Mugilogobius_myxodermus,NC_036070.1,Gobiidae,Eukaryota; Metazoa; Chordata; Craniata; Vertebrata; Euteleostomi; Actinopterygii; Neopterygii; Teleostei; Neoteleostei; Acanthomorphata; Gobiaria; Gobiiformes; Gobioidei; Gobiidae; Gobionellinae; Mugilogobius.
Mugilogobius_wilsoni,PX734654.1,Gobiidae,Eukaryota; Metazoa; Chordata; Craniata; Vertebrata; Euteleostomi; Actinopterygii; Neopterygii; Teleostei; Neoteleostei; Acanthomorphata; Gobiaria; Gobiiformes; Gobioidei; Gobiidae; Gobionellinae; Mugilogobius.
Myersina_filifer,PZ091383.1,Gobiidae,Eukaryota; Metazoa; Chordata; Craniata; Vertebrata; Euteleostomi; Actinopterygii; Neopterygii; Teleostei; Neoteleostei; Acanthomorphata; Gobiaria; Gobiiformes; Gobioidei; Gobiidae; Gobiinae; Myersina.
Nemateleotris_decora,NC_029744.1,Gobiidae,Eukaryota; Metazoa; Chordata; Craniata; Vertebrata; Euteleostomi; Actinopterygii; Neopterygii; Teleostei; Neoteleostei; Acanthomorphata; Gobiaria; Gobiiformes; Gobioidei; Gobiidae; Ptereleotrinae; Nemateleotris.
Nemateleotris_magnifica,OP035110.1,Gobiidae,Eukaryota; Metazoa; Chordata; Craniata; Vertebrata; Euteleostomi; Actinopterygii; Neopterygii; Teleostei; Neoteleostei; Acanthomorphata; Gobiaria; Gobiiformes; Gobioidei; Gobiidae; Ptereleotrinae; Nemateleotris.
Neodontobutis_hainanensis,NC_049890.1,Odontobutidae,Eukaryota; Metazoa; Chordata; Craniata; Vertebrata; Euteleostomi; Actinopterygii; Neopterygii; Teleostei; Neoteleostei; Acanthomorphata; Gobiaria; Gobiiformes; Gobioidei; Odontobutidae; Neodontobutis.
Neogobius_fluviatilis,MW856896.1,Gobiidae,Eukaryota; Metazoa; Chordata; Craniata; Vertebrata; Euteleostomi; Actinopterygii; Neopterygii; Teleostei; Neoteleostei; Acanthomorphata; Gobiaria; Gobiiformes; Gobioidei; Gobiidae; Benthophilinae; Neogobiini; Neogobius.
Neogobius_melanostomus,NC_052757.1,Gobiidae,Eukaryota; Metazoa; Chordata; Craniata; Vertebrata; Euteleostomi; Actinopterygii; Neopterygii; Teleostei; Neoteleostei; Acanthomorphata; Gobiaria; Gobiiformes; Gobioidei; Gobiidae; Benthophilinae; Neogobiini; Neogobius.
Nes_longus,OP056846.1,Gobiidae,Eukaryota; Metazoa; Chordata; Craniata; Vertebrata; Euteleostomi; Actinopterygii; Neopterygii; Teleostei; Neoteleostei; Acanthomorphata; Gobiaria; Gobiiformes; Gobioidei; Gobiidae; Gobiinae; Nes.
Odontamblyopus_lacepedii,NC_030374.1,Gobiidae,Eukaryota; Metazoa; Chordata; Craniata; Vertebrata; Euteleostomi; Actinopterygii; Neopterygii; Teleostei; Neoteleostei; Acanthomorphata; Gobiaria; Gobiiformes; Gobioidei; Gobiidae; Amblyopinae; Odontamblyopus.
Odontamblyopus_rebecca,NC_030481.1,Gobiidae,Eukaryota; Metazoa; Chordata; Craniata; Vertebrata; Euteleostomi; Actinopterygii; Neopterygii; Teleostei; Neoteleostei; Acanthomorphata; Gobiaria; Gobiiformes; Gobioidei; Gobiidae; Amblyopinae; Odontamblyopus.
Odontamblyopus_rubicundus,NC_019647.1,Gobiidae,Eukaryota; Metazoa; Chordata; Craniata; Vertebrata; Euteleostomi; Actinopterygii; Neopterygii; Teleostei; Neoteleostei; Acanthomorphata; Gobiaria; Gobiiformes; Gobioidei; Gobiidae; Amblyopinae; Odontamblyopus.
Odontamblyopus_sp_DK-2022,,Gobiidae,inferred_from_genus:Odontamblyopus
Odontamblyopus_sp_ZL-2016,,Gobiidae,inferred_from_genus:Odontamblyopus
Odontobutis_haifengensis,NC_036056.1,Odontobutidae,Eukaryota; Metazoa; Chordata; Craniata; Vertebrata; Euteleostomi; Actinopterygii; Neopterygii; Teleostei; Neoteleostei; Acanthomorphata; Gobiaria; Gobiiformes; Gobioidei; Odontobutidae; Odontobutis.
Odontobutis_interrupta,NC_027583.1,Odontobutidae,Eukaryota; Metazoa; Chordata; Craniata; Vertebrata; Euteleostomi; Actinopterygii; Neopterygii; Teleostei; Neoteleostei; Acanthomorphata; Gobiaria; Gobiiformes; Gobioidei; Odontobutidae; Odontobutis.
Odontobutis_obscura,MW646297.1,Odontobutidae,Eukaryota; Metazoa; Chordata; Craniata; Vertebrata; Euteleostomi; Actinopterygii; Neopterygii; Teleostei; Neoteleostei; Acanthomorphata; Gobiaria; Gobiiformes; Gobioidei; Odontobutidae; Odontobutis.
Odontobutis_platycephala,NC_010199.1,Odontobutidae,Eukaryota; Metazoa; Chordata; Craniata; Vertebrata; Euteleostomi; Actinopterygii; Neopterygii; Teleostei; Neoteleostei; Acanthomorphata; Gobiaria; Gobiiformes; Gobioidei; Odontobutidae; Odontobutis.
Odontobutis_potamophilus,NC_022706.1,Odontobutidae,Eukaryota; Metazoa; Chordata; Craniata; Vertebrata; Euteleostomi; Actinopterygii; Neopterygii; Teleostei; Neoteleostei; Acanthomorphata; Gobiaria; Gobiiformes; Gobioidei; Odontobutidae; Odontobutis.
Odontobutis_sinensis,NC_022818.1,Odontobutidae,Eukaryota; Metazoa; Chordata; Craniata; Vertebrata; Euteleostomi; Actinopterygii; Neopterygii; Teleostei; Neoteleostei; Acanthomorphata; Gobiaria; Gobiiformes; Gobioidei; Odontobutidae; Odontobutis.
Odontobutis_yaluensis,NC_027160.1,Odontobutidae,Eukaryota; Metazoa; Chordata; Craniata; Vertebrata; Euteleostomi; Actinopterygii; Neopterygii; Teleostei; Neoteleostei; Acanthomorphata; Gobiaria; Gobiiformes; Gobioidei; Odontobutidae; Odontobutis.
Oligolepis_formosanus,NC_020345.1,Gobiidae,Eukaryota; Metazoa; Chordata; Craniata; Vertebrata; Euteleostomi; Actinopterygii; Neopterygii; Teleostei; Neoteleostei; Acanthomorphata; Gobiaria; Gobiiformes; Gobioidei; Gobiidae; Gobionellinae; Oligolepis.
Ophiocara_porocephalum,NC_057200.1,Eleotridae,Eukaryota; Metazoa; Chordata; Craniata; Vertebrata; Euteleostomi; Actinopterygii; Neopterygii; Teleostei; Neoteleostei; Acanthomorphata; Gobiaria; Gobiiformes; Eleotroidei; Eleotridae; Butinae; Ophiocara.
Oplopomus_caninoides,PX904214.1,Gobiidae,Eukaryota; Metazoa; Chordata; Craniata; Vertebrata; Euteleostomi; Actinopterygii; Neopterygii; Teleostei; Neoteleostei; Acanthomorphata; Gobiaria; Gobiiformes; Gobioidei; Gobiidae; Gobiinae; Oplopomus.
Oplopomus_oplopomus,PZ614091.1,Gobiidae,Eukaryota; Metazoa; Chordata; Craniata; Vertebrata; Euteleostomi; Actinopterygii; Neopterygii; Teleostei; Neoteleostei; Acanthomorphata; Gobiaria; Gobiiformes; Gobioidei; Gobiidae; Gobiinae; Oplopomus.
Oxuderces_dentatus,NC_016194.1,Gobiidae,Eukaryota; Metazoa; Chordata; Craniata; Vertebrata; Euteleostomi; Actinopterygii; Neopterygii; Teleostei; Neoteleostei; Acanthomorphata; Gobiaria; Gobiiformes; Gobioidei; Gobiidae; Oxudercinae; Oxuderces.
Oxyeleotris_lineolata,PX734719.1,Eleotridae,Eukaryota; Metazoa; Chordata; Craniata; Vertebrata; Euteleostomi; Actinopterygii; Neopterygii; Teleostei; Neoteleostei; Acanthomorphata; Gobiaria; Gobiiformes; Eleotroidei; Eleotridae; Butinae; Oxyeleotris.
Oxyeleotris_marmorata,PP922175.1,Eleotridae,Eukaryota; Metazoa; Chordata; Craniata; Vertebrata; Euteleostomi; Actinopterygii; Neopterygii; Teleostei; Neoteleostei; Acanthomorphata; Gobiaria; Gobiiformes; Eleotroidei; Eleotridae; Butinae; Oxyeleotris.
Oxyurichthys_auchenolepis,PZ091384.1,Gobiidae,Eukaryota; Metazoa; Chordata; Craniata; Vertebrata; Euteleostomi; Actinopterygii; Neopterygii; Teleostei; Neoteleostei; Acanthomorphata; Gobiaria; Gobiiformes; Gobioidei; Gobiidae; Gobionellinae; Oxyurichthys.
Oxyurichthys_heisei,PZ561493.1,Gobiidae,Eukaryota; Metazoa; Chordata; Craniata; Vertebrata; Euteleostomi; Actinopterygii; Neopterygii; Teleostei; Neoteleostei; Acanthomorphata; Gobiaria; Gobiiformes; Gobioidei; Gobiidae; Gobionellinae; Oxyurichthys.
Oxyurichthys_microlepis,NC_083267.1,Gobiidae,Eukaryota; Metazoa; Chordata; Craniata; Vertebrata; Euteleostomi; Actinopterygii; Neopterygii; Teleostei; Neoteleostei; Acanthomorphata; Gobiaria; Gobiiformes; Gobioidei; Gobiidae; Gobionellinae; Oxyurichthys.
Oxyurichthys_ophthalmonema,NC_083266.1,Gobiidae,Eukaryota; Metazoa; Chordata; Craniata; Vertebrata; Euteleostomi; Actinopterygii; Neopterygii; Teleostei; Neoteleostei; Acanthomorphata; Gobiaria; Gobiiformes; Gobioidei; Gobiidae; Gobionellinae; Oxyurichthys.
Oxyurichthys_papuensis,PZ614097.1,Gobiidae,Eukaryota; Metazoa; Chordata; Craniata; Vertebrata; Euteleostomi; Actinopterygii; Neopterygii; Teleostei; Neoteleostei; Acanthomorphata; Gobiaria; Gobiiformes; Gobioidei; Gobiidae; Gobionellinae; Oxyurichthys.
Oxyurichthys_stigmalophius,PZ614107.1,Gobiidae,Eukaryota; Metazoa; Chordata; Craniata; Vertebrata; Euteleostomi; Actinopterygii; Neopterygii; Teleostei; Neoteleostei; Acanthomorphata; Gobiaria; Gobiiformes; Gobioidei; Gobiidae; Gobionellinae; Oxyurichthys.
Palatogobius_paradoxus,PZ614108.1,Gobiidae,Eukaryota; Metazoa; Chordata; Craniata; Vertebrata; Euteleostomi; Actinopterygii; Neopterygii; Teleostei; Neoteleostei; Acanthomorphata; Gobiaria; Gobiiformes; Gobioidei; Gobiidae; Gobiinae; Palatogobius.
Pandaka_pygmaea,KT183034.1,Gobiidae,Eukaryota; Metazoa; Chordata; Craniata; Vertebrata; Euteleostomi; Actinopterygii; Neopterygii; Teleostei; Neoteleostei; Acanthomorphata; Gobiaria; Gobiiformes; Gobioidei; Gobiidae; Gobionellinae; Pandaka.
Parachaeturichthys_polynema,PX904185.1,Gobiidae,Eukaryota; Metazoa; Chordata; Craniata; Vertebrata; Euteleostomi; Actinopterygii; Neopterygii; Teleostei; Neoteleostei; Acanthomorphata; Gobiaria; Gobiiformes; Gobioidei; Gobiidae; Gobiinae; Parachaeturichthys.
Parapocryptes_serperaster,NC_029455.1,Gobiidae,Eukaryota; Metazoa; Chordata; Craniata; Vertebrata; Euteleostomi; Actinopterygii; Neopterygii; Teleostei; Neoteleostei; Acanthomorphata; Gobiaria; Gobiiformes; Gobioidei; Gobiidae; Oxudercinae; Parapocryptes.
Paratrypauchen_microcephalus,NC_041195.1,Gobiidae,Eukaryota; Metazoa; Chordata; Craniata; Vertebrata; Euteleostomi; Actinopterygii; Neopterygii; Teleostei; Neoteleostei; Acanthomorphata; Gobiaria; Gobiiformes; Gobioidei; Gobiidae; Amblyopinae; Paratrypauchen.
Perccottus_glenii,NC_020350.1,Odontobutidae,Eukaryota; Metazoa; Chordata; Craniata; Vertebrata; Euteleostomi; Actinopterygii; Neopterygii; Teleostei; Neoteleostei; Acanthomorphata; Gobiaria; Gobiiformes; Gobioidei; Odontobutidae; Perccottus.
Periophthalmodon_schlosseri,NC_030766.1,Gobiidae,Eukaryota; Metazoa; Chordata; Craniata; Vertebrata; Euteleostomi; Actinopterygii; Neopterygii; Teleostei; Neoteleostei; Acanthomorphata; Gobiaria; Gobiiformes; Gobioidei; Gobiidae; Oxudercinae; Periophthalmodon.
Periophthalmodon_septemradiatus,PZ188699.1,Gobiidae,Eukaryota; Metazoa; Chordata; Craniata; Vertebrata; Euteleostomi; Actinopterygii; Neopterygii; Teleostei; Neoteleostei; Acanthomorphata; Gobiaria; Gobiiformes; Gobioidei; Gobiidae; Oxudercinae; Periophthalmodon.
Periophthalmus_argentilineatus,NC_029368.1,Gobiidae,Eukaryota; Metazoa; Chordata; Craniata; Vertebrata; Euteleostomi; Actinopterygii; Neopterygii; Teleostei; Neoteleostei; Acanthomorphata; Gobiaria; Gobiiformes; Gobioidei; Gobiidae; Oxudercinae; Periophthalmus.
Periophthalmus_barbarus,NC_063130.1,Gobiidae,Eukaryota; Metazoa; Chordata; Craniata; Vertebrata; Euteleostomi; Actinopterygii; Neopterygii; Teleostei; Neoteleostei; Acanthomorphata; Gobiaria; Gobiiformes; Gobioidei; Gobiidae; Oxudercinae; Periophthalmus.
Periophthalmus_magnuspinnatus,NC_028157.1,Gobiidae,Eukaryota; Metazoa; Chordata; Craniata; Vertebrata; Euteleostomi; Actinopterygii; Neopterygii; Teleostei; Neoteleostei; Acanthomorphata; Gobiaria; Gobiiformes; Gobioidei; Gobiidae; Oxudercinae; Periophthalmus.
Periophthalmus_minutus,NC_037073.1,Gobiidae,Eukaryota; Metazoa; Chordata; Craniata; Vertebrata; Euteleostomi; Actinopterygii; Neopterygii; Teleostei; Neoteleostei; Acanthomorphata; Gobiaria; Gobiiformes; Gobioidei; Gobiidae; Oxudercinae; Periophthalmus.
Periophthalmus_novemradiatus,NC_038226.1,Gobiidae,Eukaryota; Metazoa; Chordata; Craniata; Vertebrata; Euteleostomi; Actinopterygii; Neopterygii; Teleostei; Neoteleostei; Acanthomorphata; Gobiaria; Gobiiformes; Gobioidei; Gobiidae; Oxudercinae; Periophthalmus.
Philypnodon_grandiceps,NC_081035.1,Eleotridae,Eukaryota; Metazoa; Chordata; Craniata; Vertebrata; Euteleostomi; Actinopterygii; Neopterygii; Teleostei; Neoteleostei; Acanthomorphata; Gobiaria; Gobiiformes; Eleotroidei; Eleotridae; Eleotrinae; Philypnodon.
Philypnodon_macrostomus,NC_081036.1,Eleotridae,Eukaryota; Metazoa; Chordata; Craniata; Vertebrata; Euteleostomi; Actinopterygii; Neopterygii; Teleostei; Neoteleostei; Acanthomorphata; Gobiaria; Gobiiformes; Eleotroidei; Eleotridae; Eleotrinae; Philypnodon.
Pleurosicya_micheli,NC_083181.1,Gobiidae,Eukaryota; Metazoa; Chordata; Craniata; Vertebrata; Euteleostomi; Actinopterygii; Neopterygii; Teleostei; Neoteleostei; Acanthomorphata; Gobiaria; Gobiiformes; Gobioidei; Gobiidae; Gobiinae; Pleurosicya.
Pomatoschistus_microps,MN122842.1,Gobiidae,Eukaryota; Metazoa; Chordata; Craniata; Vertebrata; Euteleostomi; Actinopterygii; Neopterygii; Teleostei; Neoteleostei; Acanthomorphata; Gobiaria; Gobiiformes; Gobioidei; Gobiidae; Gobiinae; Pomatoschistus.
Pomatoschistus_minutus,NC_060619.1,Gobiidae,Eukaryota; Metazoa; Chordata; Craniata; Vertebrata; Euteleostomi; Actinopterygii; Neopterygii; Teleostei; Neoteleostei; Acanthomorphata; Gobiaria; Gobiiformes; Gobioidei; Gobiidae; Gobiinae; Pomatoschistus.
Ponticola_kessleri,NC_025638.1,Gobiidae,Eukaryota; Metazoa; Chordata; Craniata; Vertebrata; Euteleostomi; Actinopterygii; Neopterygii; Teleostei; Neoteleostei; Acanthomorphata; Gobiaria; Gobiiformes; Gobioidei; Gobiidae; Benthophilinae; Ponticolini; Ponticola.
Priolepis_eugenius,OP035165.1,Gobiidae,Eukaryota; Metazoa; Chordata; Craniata; Vertebrata; Euteleostomi; Actinopterygii; Neopterygii; Teleostei; Neoteleostei; Acanthomorphata; Gobiaria; Gobiiformes; Gobioidei; Gobiidae; Gobiinae; Priolepis.
Priolepis_farcimen,OP035219.2,Gobiidae,Eukaryota; Metazoa; Chordata; Craniata; Vertebrata; Euteleostomi; Actinopterygii; Neopterygii; Teleostei; Neoteleostei; Acanthomorphata; Gobiaria; Gobiiformes; Gobioidei; Gobiidae; Gobiinae; Priolepis.
Priolepis_semidoliata,NC_083179.1,Gobiidae,Eukaryota; Metazoa; Chordata; Craniata; Vertebrata; Euteleostomi; Actinopterygii; Neopterygii; Teleostei; Neoteleostei; Acanthomorphata; Gobiaria; Gobiiformes; Gobioidei; Gobiidae; Gobiinae; Priolepis.
Prionobutis_microps,PX734710.1,Eleotridae,Eukaryota; Metazoa; Chordata; Craniata; Vertebrata; Euteleostomi; Actinopterygii; Neopterygii; Teleostei; Neoteleostei; Acanthomorphata; Gobiaria; Gobiiformes; Eleotroidei; Eleotridae; Butinae; Prionobutis.
Proterorhinus_semilunaris,PV600972.1,Gobiidae,Eukaryota; Metazoa; Chordata; Craniata; Vertebrata; Euteleostomi; Actinopterygii; Neopterygii; Teleostei; Neoteleostei; Acanthomorphata; Gobiaria; Gobiiformes; Gobioidei; Gobiidae; Benthophilinae; Ponticolini; Proterorhinus.
Pseudogobius_fulvicaudus,NC_035428.1,Gobiidae,Eukaryota; Metazoa; Chordata; Craniata; Vertebrata; Euteleostomi; Actinopterygii; Neopterygii; Teleostei; Neoteleostei; Acanthomorphata; Gobiaria; Gobiiformes; Gobioidei; Gobiidae; Gobionellinae; Pseudogobius.
Pseudogobius_javanicus,NC_022186.1,Gobiidae,Eukaryota; Metazoa; Chordata; Craniata; Vertebrata; Euteleostomi; Actinopterygii; Neopterygii; Teleostei; Neoteleostei; Acanthomorphata; Gobiaria; Gobiiformes; Gobioidei; Gobiidae; Gobionellinae; Pseudogobius.
Pseudogobius_masago,PV156656.1,Gobiidae,Eukaryota; Metazoa; Chordata; Craniata; Vertebrata; Euteleostomi; Actinopterygii; Neopterygii; Teleostei; Neoteleostei; Acanthomorphata; Gobiaria; Gobiiformes; Gobioidei; Gobiidae; Gobionellinae; Pseudogobius.
Pseudogobius_taijiangensis,NC_031431.1,Gobiidae,Eukaryota; Metazoa; Chordata; Craniata; Vertebrata; Euteleostomi; Actinopterygii; Neopterygii; Teleostei; Neoteleostei; Acanthomorphata; Gobiaria; Gobiiformes; Gobioidei; Gobiidae; Gobionellinae; Pseudogobius.
Psilogobius_mainlandi,OP035289.1,Gobiidae,Eukaryota; Metazoa; Chordata; Craniata; Vertebrata; Euteleostomi; Actinopterygii; Neopterygii; Teleostei; Neoteleostei; Acanthomorphata; Gobiaria; Gobiiformes; Gobioidei; Gobiidae; Gobiinae; Psilogobius.
Ptereleotris_evides,PZ244757.1,Gobiidae,Eukaryota; Metazoa; Chordata; Craniata; Vertebrata; Euteleostomi; Actinopterygii; Neopterygii; Teleostei; Neoteleostei; Acanthomorphata; Gobiaria; Gobiiformes; Gobioidei; Gobiidae; Ptereleotrinae; Ptereleotris.
Ptereleotris_heteroptera,OP035155.1,Gobiidae,Eukaryota; Metazoa; Chordata; Craniata; Vertebrata; Euteleostomi; Actinopterygii; Neopterygii; Teleostei; Neoteleostei; Acanthomorphata; Gobiaria; Gobiiformes; Gobioidei; Gobiidae; Ptereleotrinae; Ptereleotris.
Ptereleotris_kallista,PX254857.1,Gobiidae,Eukaryota; Metazoa; Chordata; Craniata; Vertebrata; Euteleostomi; Actinopterygii; Neopterygii; Teleostei; Neoteleostei; Acanthomorphata; Gobiaria; Gobiiformes; Gobioidei; Gobiidae; Ptereleotrinae; Ptereleotris.
Redigobius_bikolanus,NC_029320.1,Gobiidae,Eukaryota; Metazoa; Chordata; Craniata; Vertebrata; Euteleostomi; Actinopterygii; Neopterygii; Teleostei; Neoteleostei; Acanthomorphata; Gobiaria; Gobiiformes; Gobioidei; Gobiidae; Gobionellinae; Redigobius.
Rhinogobius_brunneus,OM681559.1,Gobiidae,Eukaryota; Metazoa; Chordata; Craniata; Vertebrata; Euteleostomi; Actinopterygii; Neopterygii; Teleostei; Neoteleostei; Acanthomorphata; Gobiaria; Gobiiformes; Gobioidei; Gobiidae; Gobionellinae; Rhinogobius.
Rhinogobius_changtinensis,PQ768537.1,Gobiidae,Eukaryota; Metazoa; Chordata; Craniata; Vertebrata; Euteleostomi; Actinopterygii; Neopterygii; Teleostei; Neoteleostei; Acanthomorphata; Gobiaria; Gobiiformes; Gobioidei; Gobiidae; Gobionellinae; Rhinogobius.
Rhinogobius_cliffordpopei,NC_029252.1,Gobiidae,Eukaryota; Metazoa; Chordata; Craniata; Vertebrata; Euteleostomi; Actinopterygii; Neopterygii; Teleostei; Neoteleostei; Acanthomorphata; Gobiaria; Gobiiformes; Gobioidei; Gobiidae; Gobionellinae; Rhinogobius.
Rhinogobius_davidi,NC_062783.1,Gobiidae,Eukaryota; Metazoa; Chordata; Craniata; Vertebrata; Euteleostomi; Actinopterygii; Neopterygii; Teleostei; Neoteleostei; Acanthomorphata; Gobiaria; Gobiiformes; Gobioidei; Gobiidae; Gobionellinae; Rhinogobius.
Rhinogobius_duospilus,OM681562.1,Gobiidae,Eukaryota; Metazoa; Chordata; Craniata; Vertebrata; Euteleostomi; Actinopterygii; Neopterygii; Teleostei; Neoteleostei; Acanthomorphata; Gobiaria; Gobiiformes; Gobioidei; Gobiidae; Gobionellinae; Rhinogobius.
Rhinogobius_filamentosus,OM971704.1,Gobiidae,Eukaryota; Metazoa; Chordata; Craniata; Vertebrata; Euteleostomi; Actinopterygii; Neopterygii; Teleostei; Neoteleostei; Acanthomorphata; Gobiaria; Gobiiformes; Gobioidei; Gobiidae; Gobionellinae; Rhinogobius.
Rhinogobius_formosanus,MN549279.1,Gobiidae,Eukaryota; Metazoa; Chordata; Craniata; Vertebrata; Euteleostomi; Actinopterygii; Neopterygii; Teleostei; Neoteleostei; Acanthomorphata; Gobiaria; Gobiiformes; Gobioidei; Gobiidae; Gobionellinae; Rhinogobius.
Rhinogobius_leavelli,OM681561.1,Gobiidae,Eukaryota; Metazoa; Chordata; Craniata; Vertebrata; Euteleostomi; Actinopterygii; Neopterygii; Teleostei; Neoteleostei; Acanthomorphata; Gobiaria; Gobiiformes; Gobioidei; Gobiidae; Gobionellinae; Rhinogobius.
Rhinogobius_lentiginis,NC_062784.1,Gobiidae,Eukaryota; Metazoa; Chordata; Craniata; Vertebrata; Euteleostomi; Actinopterygii; Neopterygii; Teleostei; Neoteleostei; Acanthomorphata; Gobiaria; Gobiiformes; Gobioidei; Gobiidae; Gobionellinae; Rhinogobius.
Rhinogobius_maculagenys,OK545540.1,Gobiidae,Eukaryota; Metazoa; Chordata; Craniata; Vertebrata; Euteleostomi; Actinopterygii; Neopterygii; Teleostei; Neoteleostei; Acanthomorphata; Gobiaria; Gobiiformes; Gobioidei; Gobiidae; Gobionellinae; Rhinogobius.
Rhinogobius_niger,NC_068709.1,Gobiidae,Eukaryota; Metazoa; Chordata; Craniata; Vertebrata; Euteleostomi; Actinopterygii; Neopterygii; Teleostei; Neoteleostei; Acanthomorphata; Gobiaria; Gobiiformes; Gobioidei; Gobiidae; Gobionellinae; Rhinogobius.
Rhinogobius_rubromaculatus,NC_037144.1,Gobiidae,Eukaryota; Metazoa; Chordata; Craniata; Vertebrata; Euteleostomi; Actinopterygii; Neopterygii; Teleostei; Neoteleostei; Acanthomorphata; Gobiaria; Gobiiformes; Gobioidei; Gobiidae; Gobionellinae; Rhinogobius.
Rhinogobius_shennongensis,NC_062782.1,Gobiidae,Eukaryota; Metazoa; Chordata; Craniata; Vertebrata; Euteleostomi; Actinopterygii; Neopterygii; Teleostei; Neoteleostei; Acanthomorphata; Gobiaria; Gobiiformes; Gobioidei; Gobiidae; Gobionellinae; Rhinogobius.
Rhinogobius_similis,NC_022692.1,Gobiidae,Eukaryota; Metazoa; Chordata; Craniata; Vertebrata; Euteleostomi; Actinopterygii; Neopterygii; Teleostei; Neoteleostei; Acanthomorphata; Gobiaria; Gobiiformes; Gobioidei; Gobiidae; Gobionellinae; Rhinogobius.
Rhinogobius_sp_,,Gobiidae,inferred_from_genus:Rhinogobius
Rhinogobius_sp_HN-2022,,Gobiidae,inferred_from_genus:Rhinogobius
Rhinogobius_szechuanensis,NC_062786.1,Gobiidae,Eukaryota; Metazoa; Chordata; Craniata; Vertebrata; Euteleostomi; Actinopterygii; Neopterygii; Teleostei; Neoteleostei; Acanthomorphata; Gobiaria; Gobiiformes; Gobioidei; Gobiidae; Gobionellinae; Rhinogobius.
Rhinogobius_virgigena,OP556112.1,Gobiidae,Eukaryota; Metazoa; Chordata; Craniata; Vertebrata; Euteleostomi; Actinopterygii; Neopterygii; Teleostei; Neoteleostei; Acanthomorphata; Gobiaria; Gobiiformes; Gobioidei; Gobiidae; Gobionellinae; Rhinogobius.
Rhinogobius_wuyanlingensis,NC_062781.1,Gobiidae,Eukaryota; Metazoa; Chordata; Craniata; Vertebrata; Euteleostomi; Actinopterygii; Neopterygii; Teleostei; Neoteleostei; Acanthomorphata; Gobiaria; Gobiiformes; Gobioidei; Gobiidae; Gobionellinae; Rhinogobius.
Rhinogobius_wuyiensis,NC_062727.1,Gobiidae,Eukaryota; Metazoa; Chordata; Craniata; Vertebrata; Euteleostomi; Actinopterygii; Neopterygii; Teleostei; Neoteleostei; Acanthomorphata; Gobiaria; Gobiiformes; Gobioidei; Gobiidae; Gobionellinae; Rhinogobius.
Rhinogobius_yaoshanensis,OM971706.1,Gobiidae,Eukaryota; Metazoa; Chordata; Craniata; Vertebrata; Euteleostomi; Actinopterygii; Neopterygii; Teleostei; Neoteleostei; Acanthomorphata; Gobiaria; Gobiiformes; Gobioidei; Gobiidae; Gobionellinae; Rhinogobius.
Rhinogobius_zhoui,OP779235.1,Gobiidae,Eukaryota; Metazoa; Chordata; Craniata; Vertebrata; Euteleostomi; Actinopterygii; Neopterygii; Teleostei; Neoteleostei; Acanthomorphata; Gobiaria; Gobiiformes; Gobioidei; Gobiidae; Gobionellinae; Rhinogobius.
Rhyacichthys_aspro,CM072171.1,Rhyacichthyidae,Eukaryota; Metazoa; Chordata; Craniata; Vertebrata; Euteleostomi; Actinopterygii; Neopterygii; Teleostei; Neoteleostei; Acanthomorphata; Gobiaria; Gobiiformes; Gobioidei; Rhyacichthyidae; Rhyacichthys.
Scartelaos_gigas,NC_028205.1,Gobiidae,Eukaryota; Metazoa; Chordata; Craniata; Vertebrata; Euteleostomi; Actinopterygii; Neopterygii; Teleostei; Neoteleostei; Acanthomorphata; Gobiaria; Gobiiformes; Gobioidei; Gobiidae; Oxudercinae; Scartelaos.
Scartelaos_histophorus,NC_017888.1,Gobiidae,Eukaryota; Metazoa; Chordata; Craniata; Vertebrata; Euteleostomi; Actinopterygii; Neopterygii; Teleostei; Neoteleostei; Acanthomorphata; Gobiaria; Gobiiformes; Gobioidei; Gobiidae; Oxudercinae; Scartelaos.
Schismatogobius_ampluvinculus,NC_035717.1,Gobiidae,Eukaryota; Metazoa; Chordata; Craniata; Vertebrata; Euteleostomi; Actinopterygii; Neopterygii; Teleostei; Neoteleostei; Acanthomorphata; Gobiaria; Gobiiformes; Gobioidei; Gobiidae; Gobionellinae; Schismatogobius.
Sicydium_altum,NC_036229.1,Gobiidae,Eukaryota; Metazoa; Chordata; Craniata; Vertebrata; Euteleostomi; Actinopterygii; Neopterygii; Teleostei; Neoteleostei; Acanthomorphata; Gobiaria; Gobiiformes; Gobioidei; Gobiidae; Sicydiinae; Sicydium.
Sicydium_salvini,NC_036230.1,Gobiidae,Eukaryota; Metazoa; Chordata; Craniata; Vertebrata; Euteleostomi; Actinopterygii; Neopterygii; Teleostei; Neoteleostei; Acanthomorphata; Gobiaria; Gobiiformes; Gobioidei; Gobiidae; Sicydiinae; Sicydium.
Sicyopterus_aiensis,NC_044136.1,Gobiidae,Eukaryota; Metazoa; Chordata; Craniata; Vertebrata; Euteleostomi; Actinopterygii; Neopterygii; Teleostei; Neoteleostei; Acanthomorphata; Gobiaria; Gobiiformes; Gobioidei; Gobiidae; Sicydiinae; Sicyopterus.
Sicyopterus_cynocephalus,NC_044137.1,Gobiidae,Eukaryota; Metazoa; Chordata; Craniata; Vertebrata; Euteleostomi; Actinopterygii; Neopterygii; Teleostei; Neoteleostei; Acanthomorphata; Gobiaria; Gobiiformes; Gobioidei; Gobiidae; Sicydiinae; Sicyopterus.
Sicyopterus_eudentatus,NC_044138.1,Gobiidae,Eukaryota; Metazoa; Chordata; Craniata; Vertebrata; Euteleostomi; Actinopterygii; Neopterygii; Teleostei; Neoteleostei; Acanthomorphata; Gobiaria; Gobiiformes; Gobioidei; Gobiidae; Sicydiinae; Sicyopterus.
Sicyopterus_franouxi,NC_044139.1,Gobiidae,Eukaryota; Metazoa; Chordata; Craniata; Vertebrata; Euteleostomi; Actinopterygii; Neopterygii; Teleostei; Neoteleostei; Acanthomorphata; Gobiaria; Gobiiformes; Gobioidei; Gobiidae; Sicydiinae; Sicyopterus.
Sicyopterus_griseus,PZ188698.1,Gobiidae,Eukaryota; Metazoa; Chordata; Craniata; Vertebrata; Euteleostomi; Actinopterygii; Neopterygii; Teleostei; Neoteleostei; Acanthomorphata; Gobiaria; Gobiiformes; Gobioidei; Gobiidae; Sicydiinae; Sicyopterus.
Sicyopterus_japonicus,NC_045074.1,Gobiidae,Eukaryota; Metazoa; Chordata; Craniata; Vertebrata; Euteleostomi; Actinopterygii; Neopterygii; Teleostei; Neoteleostei; Acanthomorphata; Gobiaria; Gobiiformes; Gobioidei; Gobiidae; Sicydiinae; Sicyopterus.
Sicyopterus_lagocephalus,NC_022838.1,Gobiidae,Eukaryota; Metazoa; Chordata; Craniata; Vertebrata; Euteleostomi; Actinopterygii; Neopterygii; Teleostei; Neoteleostei; Acanthomorphata; Gobiaria; Gobiiformes; Gobioidei; Gobiidae; Sicydiinae; Sicyopterus.
Sicyopterus_lengguru,NC_044140.1,Gobiidae,Eukaryota; Metazoa; Chordata; Craniata; Vertebrata; Euteleostomi; Actinopterygii; Neopterygii; Teleostei; Neoteleostei; Acanthomorphata; Gobiaria; Gobiiformes; Gobioidei; Gobiidae; Sicydiinae; Sicyopterus.
Sicyopterus_lividus,NC_044141.1,Gobiidae,Eukaryota; Metazoa; Chordata; Craniata; Vertebrata; Euteleostomi; Actinopterygii; Neopterygii; Teleostei; Neoteleostei; Acanthomorphata; Gobiaria; Gobiiformes; Gobioidei; Gobiidae; Sicydiinae; Sicyopterus.
Sicyopterus_longifilis,NC_044142.1,Gobiidae,Eukaryota; Metazoa; Chordata; Craniata; Vertebrata; Euteleostomi; Actinopterygii; Neopterygii; Teleostei; Neoteleostei; Acanthomorphata; Gobiaria; Gobiiformes; Gobioidei; Gobiidae; Sicydiinae; Sicyopterus.
Sicyopterus_marquesensis,NC_044143.1,Gobiidae,Eukaryota; Metazoa; Chordata; Craniata; Vertebrata; Euteleostomi; Actinopterygii; Neopterygii; Teleostei; Neoteleostei; Acanthomorphata; Gobiaria; Gobiiformes; Gobioidei; Gobiidae; Sicydiinae; Sicyopterus.
Sicyopterus_microcephalus,NC_044144.1,Gobiidae,Eukaryota; Metazoa; Chordata; Craniata; Vertebrata; Euteleostomi; Actinopterygii; Neopterygii; Teleostei; Neoteleostei; Acanthomorphata; Gobiaria; Gobiiformes; Gobioidei; Gobiidae; Sicydiinae; Sicyopterus.
Sicyopterus_parvei,NC_044145.1,Gobiidae,Eukaryota; Metazoa; Chordata; Craniata; Vertebrata; Euteleostomi; Actinopterygii; Neopterygii; Teleostei; Neoteleostei; Acanthomorphata; Gobiaria; Gobiiformes; Gobioidei; Gobiidae; Sicydiinae; Sicyopterus.
Sicyopterus_pugnans,NC_044177.1,Gobiidae,Eukaryota; Metazoa; Chordata; Craniata; Vertebrata; Euteleostomi; Actinopterygii; Neopterygii; Teleostei; Neoteleostei; Acanthomorphata; Gobiaria; Gobiiformes; Gobioidei; Gobiidae; Sicydiinae; Sicyopterus.
Sicyopterus_punctissimus,NC_044178.1,Gobiidae,Eukaryota; Metazoa; Chordata; Craniata; Vertebrata; Euteleostomi; Actinopterygii; Neopterygii; Teleostei; Neoteleostei; Acanthomorphata; Gobiaria; Gobiiformes; Gobioidei; Gobiidae; Sicydiinae; Sicyopterus.
Sicyopterus_sarasini,NC_044179.1,Gobiidae,Eukaryota; Metazoa; Chordata; Craniata; Vertebrata; Euteleostomi; Actinopterygii; Neopterygii; Teleostei; Neoteleostei; Acanthomorphata; Gobiaria; Gobiiformes; Gobioidei; Gobiidae; Sicydiinae; Sicyopterus.
Sicyopterus_squamosissimus,NC_044151.1,Gobiidae,Eukaryota; Metazoa; Chordata; Craniata; Vertebrata; Euteleostomi; Actinopterygii; Neopterygii; Teleostei; Neoteleostei; Acanthomorphata; Gobiaria; Gobiiformes; Gobioidei; Gobiidae; Sicydiinae; Sicyopterus.
Sicyopterus_stimpsoni,NC_044180.1,Gobiidae,Eukaryota; Metazoa; Chordata; Craniata; Vertebrata; Euteleostomi; Actinopterygii; Neopterygii; Teleostei; Neoteleostei; Acanthomorphata; Gobiaria; Gobiiformes; Gobioidei; Gobiidae; Sicydiinae; Sicyopterus.
Sicyopterus_stiphodonoides,NC_044152.1,Gobiidae,Eukaryota; Metazoa; Chordata; Craniata; Vertebrata; Euteleostomi; Actinopterygii; Neopterygii; Teleostei; Neoteleostei; Acanthomorphata; Gobiaria; Gobiiformes; Gobioidei; Gobiidae; Sicydiinae; Sicyopterus.
Sicyopus_rubicundus,OP595701.1,Gobiidae,Eukaryota; Metazoa; Chordata; Craniata; Vertebrata; Euteleostomi; Actinopterygii; Neopterygii; Teleostei; Neoteleostei; Acanthomorphata; Gobiaria; Gobiiformes; Gobioidei; Gobiidae; Sicydiinae; Sicyopus.
Sicyopus_zosterophorus,NC_058982.1,Gobiidae,Eukaryota; Metazoa; Chordata; Craniata; Vertebrata; Euteleostomi; Actinopterygii; Neopterygii; Teleostei; Neoteleostei; Acanthomorphata; Gobiaria; Gobiiformes; Gobioidei; Gobiidae; Sicydiinae; Sicyopus.
Sineleotris_saccharae,OP326576.2,Odontobutidae,Eukaryota; Metazoa; Chordata; Craniata; Vertebrata; Euteleostomi; Actinopterygii; Neopterygii; Teleostei; Neoteleostei; Acanthomorphata; Gobiaria; Gobiiformes; Gobioidei; Odontobutidae; Sineleotris.
Stenogobius_genivittatus,PZ614121.1,Gobiidae,Eukaryota; Metazoa; Chordata; Craniata; Vertebrata; Euteleostomi; Actinopterygii; Neopterygii; Teleostei; Neoteleostei; Acanthomorphata; Gobiaria; Gobiiformes; Gobioidei; Gobiidae; Gobionellinae; Stenogobius.
Stigmatogobius_pleurostigma,NC_045524.1,Gobiidae,Eukaryota; Metazoa; Chordata; Craniata; Vertebrata; Euteleostomi; Actinopterygii; Neopterygii; Teleostei; Neoteleostei; Acanthomorphata; Gobiaria; Gobiiformes; Gobioidei; Gobiidae; Gobionellinae; Stigmatogobius.
Stigmatogobius_sadanundio,PZ213634.1,Gobiidae,Eukaryota; Metazoa; Chordata; Craniata; Vertebrata; Euteleostomi; Actinopterygii; Neopterygii; Teleostei; Neoteleostei; Acanthomorphata; Gobiaria; Gobiiformes; Gobioidei; Gobiidae; Gobionellinae; Stigmatogobius.
Stiphodon_alcedo,NC_018054.1,Gobiidae,Eukaryota; Metazoa; Chordata; Craniata; Vertebrata; Euteleostomi; Actinopterygii; Neopterygii; Teleostei; Neoteleostei; Acanthomorphata; Gobiaria; Gobiiformes; Gobioidei; Gobiidae; Sicydiinae; Stiphodon.
Stiphodon_atropurpureus,OP779234.1,Gobiidae,Eukaryota; Metazoa; Chordata; Craniata; Vertebrata; Euteleostomi; Actinopterygii; Neopterygii; Teleostei; Neoteleostei; Acanthomorphata; Gobiaria; Gobiiformes; Gobioidei; Gobiidae; Sicydiinae; Stiphodon.
Stiphodon_elegans,PZ614119.1,Gobiidae,Eukaryota; Metazoa; Chordata; Craniata; Vertebrata; Euteleostomi; Actinopterygii; Neopterygii; Teleostei; Neoteleostei; Acanthomorphata; Gobiaria; Gobiiformes; Gobioidei; Gobiidae; Sicydiinae; Stiphodon.
Stiphodon_pelewensis,NC_044176.1,Gobiidae,Eukaryota; Metazoa; Chordata; Craniata; Vertebrata; Euteleostomi; Actinopterygii; Neopterygii; Teleostei; Neoteleostei; Acanthomorphata; Gobiaria; Gobiiformes; Gobioidei; Gobiidae; Sicydiinae; Stiphodon.
Stiphodon_percnopterygionus,MW548257.1,Gobiidae,Eukaryota; Metazoa; Chordata; Craniata; Vertebrata; Euteleostomi; Actinopterygii; Neopterygii; Teleostei; Neoteleostei; Acanthomorphata; Gobiaria; Gobiiformes; Gobioidei; Gobiidae; Sicydiinae; Stiphodon.
Stiphodon_semoni,NC_087623.1,Gobiidae,Eukaryota; Metazoa; Chordata; Craniata; Vertebrata; Euteleostomi; Actinopterygii; Neopterygii; Teleostei; Neoteleostei; Acanthomorphata; Gobiaria; Gobiiformes; Gobioidei; Gobiidae; Sicydiinae; Stiphodon.
Stiphodon_tuivi,NC_044150.1,Gobiidae,Eukaryota; Metazoa; Chordata; Craniata; Vertebrata; Euteleostomi; Actinopterygii; Neopterygii; Teleostei; Neoteleostei; Acanthomorphata; Gobiaria; Gobiiformes; Gobioidei; Gobiidae; Sicydiinae; Stiphodon.
Suruga_fundicola,OQ881071.1,Gobiidae,Eukaryota; Metazoa; Chordata; Craniata; Vertebrata; Euteleostomi; Actinopterygii; Neopterygii; Teleostei; Neoteleostei; Acanthomorphata; Gobiaria; Gobiiformes; Gobioidei; Gobiidae; Gobionellinae; Suruga.
Taenioides_anguillaris,NC_029405.1,Gobiidae,Eukaryota; Metazoa; Chordata; Craniata; Vertebrata; Euteleostomi; Actinopterygii; Neopterygii; Teleostei; Neoteleostei; Acanthomorphata; Gobiaria; Gobiiformes; Gobioidei; Gobiidae; Amblyopinae; Taenioides.
Taenioides_cirratus,NC_071910.1,Gobiidae,Eukaryota; Metazoa; Chordata; Craniata; Vertebrata; Euteleostomi; Actinopterygii; Neopterygii; Teleostei; Neoteleostei; Acanthomorphata; Gobiaria; Gobiiformes; Gobioidei; Gobiidae; Amblyopinae; Taenioides.
Taenioides_sp_A-2018,,Gobiidae,inferred_from_genus:Taenioides
Taenioides_sp_B-2018,,Gobiidae,inferred_from_genus:Taenioides
Taenioides_sp_CHY-2020,,Gobiidae,inferred_from_genus:Taenioides
Taenioides_sp_Ruosonghe,,Gobiidae,inferred_from_genus:Taenioides
Taenioides_sp_XM-2018,,Gobiidae,inferred_from_genus:Taenioides
Tigrigobius_macrodon,OP056830.2,Gobiidae,Eukaryota; Metazoa; Chordata; Craniata; Vertebrata; Euteleostomi; Actinopterygii; Neopterygii; Teleostei; Neoteleostei; Acanthomorphata; Gobiaria; Gobiiformes; Gobioidei; Gobiidae; Gobiinae; Tigrigobius.
Tigrigobius_multifasciatus,NC_083175.1,Gobiidae,Eukaryota; Metazoa; Chordata; Craniata; Vertebrata; Euteleostomi; Actinopterygii; Neopterygii; Teleostei; Neoteleostei; Acanthomorphata; Gobiaria; Gobiiformes; Gobioidei; Gobiidae; Gobiinae; Tigrigobius.
Trichonotus_setiger,NC_034345.1,Trichonotidae,Eukaryota; Metazoa; Chordata; Craniata; Vertebrata; Euteleostomi; Actinopterygii; Neopterygii; Teleostei; Neoteleostei; Acanthomorphata; Gobiaria; Gobiiformes; Trichonotoidei; Trichonotidae; Trichonotus.
Tridentiger_barbatus,NC_018823.1,Gobiidae,Eukaryota; Metazoa; Chordata; Craniata; Vertebrata; Euteleostomi; Actinopterygii; Neopterygii; Teleostei; Neoteleostei; Acanthomorphata; Gobiaria; Gobiiformes; Gobioidei; Gobiidae; Gobionellinae; Tridentiger.
Tridentiger_bifasciatus,NC_015992.1,Gobiidae,Eukaryota; Metazoa; Chordata; Craniata; Vertebrata; Euteleostomi; Actinopterygii; Neopterygii; Teleostei; Neoteleostei; Acanthomorphata; Gobiaria; Gobiiformes; Gobioidei; Gobiidae; Gobionellinae; Tridentiger.
Tridentiger_brevispinis,NC_063947.1,Gobiidae,Eukaryota; Metazoa; Chordata; Craniata; Vertebrata; Euteleostomi; Actinopterygii; Neopterygii; Teleostei; Neoteleostei; Acanthomorphata; Gobiaria; Gobiiformes; Gobioidei; Gobiidae; Gobionellinae; Tridentiger.
Tridentiger_obscurus,NC_028431.1,Gobiidae,Eukaryota; Metazoa; Chordata; Craniata; Vertebrata; Euteleostomi; Actinopterygii; Neopterygii; Teleostei; Neoteleostei; Acanthomorphata; Gobiaria; Gobiiformes; Gobioidei; Gobiidae; Gobionellinae; Tridentiger.
Tridentiger_trigonocephalus,NC_029738.1,Gobiidae,Eukaryota; Metazoa; Chordata; Craniata; Vertebrata; Euteleostomi; Actinopterygii; Neopterygii; Teleostei; Neoteleostei; Acanthomorphata; Gobiaria; Gobiiformes; Gobioidei; Gobiidae; Gobionellinae; Tridentiger.
Trimma_macrophthalmum,NC_081957.1,Gobiidae,Eukaryota; Metazoa; Chordata; Craniata; Vertebrata; Euteleostomi; Actinopterygii; Neopterygii; Teleostei; Neoteleostei; Acanthomorphata; Gobiaria; Gobiiformes; Gobioidei; Gobiidae; Gobiinae; Trimma.
Trypauchen_vagina,NC_016693.1,Gobiidae,Eukaryota; Metazoa; Chordata; Craniata; Vertebrata; Euteleostomi; Actinopterygii; Neopterygii; Teleostei; Neoteleostei; Acanthomorphata; Gobiaria; Gobiiformes; Gobioidei; Gobiidae; Amblyopinae; Trypauchen.
Valenciennea_sexguttata,PZ614113.1,Gobiidae,Eukaryota; Metazoa; Chordata; Craniata; Vertebrata; Euteleostomi; Actinopterygii; Neopterygii; Teleostei; Neoteleostei; Acanthomorphata; Gobiaria; Gobiiformes; Gobioidei; Gobiidae; Gobiinae; Valenciennea.
Valenciennea_strigata,PZ614110.1,Gobiidae,Eukaryota; Metazoa; Chordata; Craniata; Vertebrata; Euteleostomi; Actinopterygii; Neopterygii; Teleostei; Neoteleostei; Acanthomorphata; Gobiaria; Gobiiformes; Gobioidei; Gobiidae; Gobiinae; Valenciennea.
Vanderhorstia_ornatissima,PZ614094.1,Gobiidae,Eukaryota; Metazoa; Chordata; Craniata; Vertebrata; Euteleostomi; Actinopterygii; Neopterygii; Teleostei; Neoteleostei; Acanthomorphata; Gobiaria; Gobiiformes; Gobioidei; Gobiidae; Gobiinae; Vanderhorstia.
Varicus_bucca,OP056890.1,Gobiidae,Eukaryota; Metazoa; Chordata; Craniata; Vertebrata; Euteleostomi; Actinopterygii; Neopterygii; Teleostei; Neoteleostei; Acanthomorphata; Gobiaria; Gobiiformes; Gobioidei; Gobiidae; Gobiinae; Varicus.
Wuhanlinigobius_polylepis,NC_031895.1,Gobiidae,Eukaryota; Metazoa; Chordata; Craniata; Vertebrata; Euteleostomi; Actinopterygii; Neopterygii; Teleostei; Neoteleostei; Acanthomorphata; Gobiaria; Gobiiformes; Gobioidei; Gobiidae; Gobionellinae; Wuhanlinigobius.
Yongeichthys_criniger,NC_029234.1,Gobiidae,Eukaryota; Metazoa; Chordata; Craniata; Vertebrata; Euteleostomi; Actinopterygii; Neopterygii; Teleostei; Neoteleostei; Acanthomorphata; Gobiaria; Gobiiformes; Gobioidei; Gobiidae; Gobiinae; Yongeichthys.
